metrics.ici_bandwidth_gbyte_s_p50,metrics.ici_bandwidth_gbyte_s_p90,metrics.ici_bandwidth_gbyte_s_p95,metrics.ici_bandwidth_gbyte_s_p99,metrics.ici_bandwidth_gbyte_s_avg,metrics.ici_time_ms_p50,metrics.ici_time_ms_p90,metrics.ici_time_ms_p95,metrics.ici_time_ms_p99,metrics.ici_time_ms_avg,metrics.ici_time_ms_list,dimensions.matrix_dim,dimensions.dtype,dimensions.dcn_size,dimensions.ici_size,dimensions.testsuite,dimensions.test_name,dimensions.test_start_timestamp,dimensions.test_end_timestamp,metrics.tflops_per_sec_p50,metrics.tflops_per_sec_p90,metrics.tflops_per_sec_p95,metrics.tflops_per_sec_p99,metrics.tflops_per_sec_avg,metrics.data_transfer_gbyte_sec_p50,metrics.data_transfer_gbyte_sec_p90,metrics.data_transfer_gbyte_sec_p95,metrics.data_transfer_gbyte_sec_p99,metrics.data_transfer_gbyte_sec_avg,dimensions.m,dimensions.k,dimensions.n,dimensions.total_flops,dimensions.total_gigabytes_transferred,metrics.time_ms_p50,metrics.time_ms_p90,metrics.time_ms_p95,metrics.time_ms_p99,metrics.time_ms_avg,dimensions.batch,dimensions.seq_len,dimensions.d_model,dimensions.num_heads,dimensions.causal,dimensions.scale,metrics.gflops_per_sec_p50,metrics.gflops_per_sec_p90,metrics.gflops_per_sec_p95,metrics.gflops_per_sec_p99,metrics.gflops_per_sec_avg,dimensions.input_shape,dimensions.kernel_shape,dimensions.output_shape,dimensions.padding_mode,dimensions.batch_size,dimensions.input_h,dimensions.input_w,dimensions.kernel_h,dimensions.kernel_w,dimensions.in_channel,dimensions.out_channel,dimensions.stride,dimensions.dilation
5.016509986753715,5.016509986753715,5.016509986753715,5.016509986753715,5.016509986753715,0.41805000000749715,0.41805000000749715,0.41805000000749715,0.41805000000749715,0.41805000000749715,[0.41805000000749715],1024,2,1,4,microbenchmark,ppermute,2026-06-04T17:54:45.342130+00:00Z,2026-06-04T17:54:50.536486+00:00Z,,,,,,,,,,,,,,,,,,,,,,,,,,,,,,,,,,,,,,,,,,,,
13.852210860128357,13.852210860128357,13.852210860128357,13.852210860128357,13.852210860128357,0.605578999966383,0.605578999966383,0.605578999966383,0.605578999966383,0.605578999966383,[0.605578999966383],2048,2,1,4,microbenchmark,ppermute,2026-06-04T17:54:50.537701+00:00Z,2026-06-04T17:54:50.620489+00:00Z,,,,,,,,,,,,,,,,,,,,,,,,,,,,,,,,,,,,,,,,,,,,
19.76787599874863,19.76787599874863,19.76787599874863,19.76787599874863,19.76787599874863,0.9547999998176238,0.9547999998176238,0.9547999998176238,0.9547999998176238,0.9547999998176238,[0.9547999998176238],3072,2,1,4,microbenchmark,ppermute,2026-06-04T17:54:50.621455+00:00Z,2026-06-04T17:54:50.707574+00:00Z,,,,,,,,,,,,,,,,,,,,,,,,,,,,,,,,,,,,,,,,,,,,
22.126086852446356,22.126086852446356,22.126086852446356,22.126086852446356,22.126086852446356,1.5165100012382027,1.5165100012382027,1.5165100012382027,1.5165100012382027,1.5165100012382027,[1.5165100012382027],4096,2,1,4,microbenchmark,ppermute,2026-06-04T17:54:50.708523+00:00Z,2026-06-04T17:54:50.801862+00:00Z,,,,,,,,,,,,,,,,,,,,,,,,,,,,,,,,,,,,,,,,,,,,
24.06138706826774,24.06138706826774,24.06138706826774,24.06138706826774,24.06138706826774,2.1789600014017196,2.1789600014017196,2.1789600014017196,2.1789600014017196,2.1789600014017196,[2.1789600014017196],5120,2,1,4,microbenchmark,ppermute,2026-06-04T17:54:50.802828+00:00Z,2026-06-04T17:54:50.903049+00:00Z,,,,,,,,,,,,,,,,,,,,,,,,,,,,,,,,,,,,,,,,,,,,
26.365359988993948,26.365359988993948,26.365359988993948,26.365359988993948,26.365359988993948,2.8635100006795255,2.8635100006795255,2.8635100006795255,2.8635100006795255,2.8635100006795255,[2.8635100006795255],6144,2,1,4,microbenchmark,ppermute,2026-06-04T17:54:50.904018+00:00Z,2026-06-04T17:54:51.012581+00:00Z,,,,,,,,,,,,,,,,,,,,,,,,,,,,,,,,,,,,,,,,,,,,
25.954399152022933,25.954399152022933,25.954399152022933,25.954399152022933,25.954399152022933,3.9592690009158105,3.9592690009158105,3.9592690009158105,3.9592690009158105,3.9592690009158105,[3.9592690009158105],7168,2,1,4,microbenchmark,ppermute,2026-06-04T17:54:51.013577+00:00Z,2026-06-04T17:54:51.214936+00:00Z,,,,,,,,,,,,,,,,,,,,,,,,,,,,,,,,,,,,,,,,,,,,
27.051414079163255,27.051414079163255,27.051414079163255,27.051414079163255,27.051414079163255,4.961578999427729,4.961578999427729,4.961578999427729,4.961578999427729,4.961578999427729,[4.961578999427729],8192,2,1,4,microbenchmark,ppermute,2026-06-04T17:54:51.215938+00:00Z,2026-06-04T17:54:51.412379+00:00Z,,,,,,,,,,,,,,,,,,,,,,,,,,,,,,,,,,,,,,,,,,,,
27.474993396527726,27.474993396527726,27.474993396527726,27.474993396527726,27.474993396527726,6.182688000990311,6.182688000990311,6.182688000990311,6.182688000990311,6.182688000990311,[6.182688000990311],9216,2,1,4,microbenchmark,ppermute,2026-06-04T17:54:51.413392+00:00Z,2026-06-04T17:54:51.638058+00:00Z,,,,,,,,,,,,,,,,,,,,,,,,,,,,,,,,,,,,,,,,,,,,
27.50915987309919,27.50915987309919,27.50915987309919,27.50915987309919,27.50915987309919,7.623468000019784,7.623468000019784,7.623468000019784,7.623468000019784,7.623468000019784,[7.623468000019784],10240,2,1,4,microbenchmark,ppermute,2026-06-04T17:54:51.639068+00:00Z,2026-06-04T17:54:51.875586+00:00Z,,,,,,,,,,,,,,,,,,,,,,,,,,,,,,,,,,,,,,,,,,,,
27.72862346207016,27.72862346207016,27.72862346207016,27.72862346207016,27.72862346207016,9.151387999736471,9.151387999736471,9.151387999736471,9.151387999736471,9.151387999736471,[9.151387999736471],11264,2,1,4,microbenchmark,ppermute,2026-06-04T17:54:51.876600+00:00Z,2026-06-04T17:54:52.136415+00:00Z,,,,,,,,,,,,,,,,,,,,,,,,,,,,,,,,,,,,,,,,,,,,
28.196296116522472,28.196296116522472,28.196296116522472,28.196296116522472,28.196296116522472,10.710267999456846,10.710267999456846,10.710267999456846,10.710267999456846,10.710267999456846,[10.710267999456846],12288,2,1,4,microbenchmark,ppermute,2026-06-04T17:54:52.137442+00:00Z,2026-06-04T17:54:52.409591+00:00Z,,,,,,,,,,,,,,,,,,,,,,,,,,,,,,,,,,,,,,,,,,,,
28.38631643791314,28.38631643791314,28.38631643791314,28.38631643791314,28.38631643791314,12.485546998505015,12.485546998505015,12.485546998505015,12.485546998505015,12.485546998505015,[12.485546998505015],13312,2,1,4,microbenchmark,ppermute,2026-06-04T17:54:52.410618+00:00Z,2026-06-04T17:54:52.715898+00:00Z,,,,,,,,,,,,,,,,,,,,,,,,,,,,,,,,,,,,,,,,,,,,
28.58018297122954,28.58018297122954,28.58018297122954,28.58018297122954,28.58018297122954,14.382056000613375,14.382056000613375,14.382056000613375,14.382056000613375,14.382056000613375,[14.382056000613375],14336,2,1,4,microbenchmark,ppermute,2026-06-04T17:54:52.716915+00:00Z,2026-06-04T17:54:53.038010+00:00Z,,,,,,,,,,,,,,,,,,,,,,,,,,,,,,,,,,,,,,,,,,,,
28.74449876568703,28.74449876568703,28.74449876568703,28.74449876568703,28.74449876568703,16.415635000157636,16.415635000157636,16.415635000157636,16.415635000157636,16.415635000157636,[16.415635000157636],15360,2,1,4,microbenchmark,ppermute,2026-06-04T17:54:53.039022+00:00Z,2026-06-04T17:54:53.391883+00:00Z,,,,,,,,,,,,,,,,,,,,,,,,,,,,,,,,,,,,,,,,,,,,
28.765798513502844,28.765798513502844,28.765798513502844,28.765798513502844,28.765798513502844,18.663514998479513,18.663514998479513,18.663514998479513,18.663514998479513,18.663514998479513,[18.663514998479513],16384,2,1,4,microbenchmark,ppermute,2026-06-04T17:54:53.392904+00:00Z,2026-06-04T17:54:53.754441+00:00Z,,,,,,,,,,,,,,,,,,,,,,,,,,,,,,,,,,,,,,,,,,,,
28.929335558238755,28.929335558238755,28.929335558238755,28.929335558238755,28.929335558238755,20.950254000126733,20.950254000126733,20.950254000126733,20.950254000126733,20.950254000126733,[20.950254000126733],17408,2,1,4,microbenchmark,ppermute,2026-06-04T17:54:53.755479+00:00Z,2026-06-04T17:54:54.161917+00:00Z,,,,,,,,,,,,,,,,,,,,,,,,,,,,,,,,,,,,,,,,,,,,
29.07713602996506,29.07713602996506,29.07713602996506,29.07713602996506,29.07713602996506,23.368094000034034,23.368094000034034,23.368094000034034,23.368094000034034,23.368094000034034,[23.368094000034034],18432,2,1,4,microbenchmark,ppermute,2026-06-04T17:54:54.162940+00:00Z,2026-06-04T17:54:54.591817+00:00Z,,,,,,,,,,,,,,,,,,,,,,,,,,,,,,,,,,,,,,,,,,,,
29.06574896797132,29.06574896797132,29.06574896797132,29.06574896797132,29.06574896797132,26.04687299935904,26.04687299935904,26.04687299935904,26.04687299935904,26.04687299935904,[26.04687299935904],19456,2,1,4,microbenchmark,ppermute,2026-06-04T17:54:54.592838+00:00Z,2026-06-04T17:54:55.057808+00:00Z,,,,,,,,,,,,,,,,,,,,,,,,,,,,,,,,,,,,,,,,,,,,
29.252753718494898,29.252753718494898,29.252753718494898,29.252753718494898,29.252753718494898,28.67630200125859,28.67630200125859,28.67630200125859,28.67630200125859,28.67630200125859,[28.67630200125859],20480,2,1,4,microbenchmark,ppermute,2026-06-04T17:54:55.058829+00:00Z,2026-06-04T17:54:55.544247+00:00Z,,,,,,,,,,,,,,,,,,,,,,,,,,,,,,,,,,,,,,,,,,,,
29.26354714706493,29.26354714706493,29.26354714706493,29.26354714706493,29.26354714706493,31.603961999280727,31.603961999280727,31.603961999280727,31.603961999280727,31.603961999280727,[31.603961999280727],21504,2,1,4,microbenchmark,ppermute,2026-06-04T17:54:55.545258+00:00Z,2026-06-04T17:54:56.075480+00:00Z,,,,,,,,,,,,,,,,,,,,,,,,,,,,,,,,,,,,,,,,,,,,
29.27197496273638,29.27197496273638,29.27197496273638,29.27197496273638,29.27197496273638,34.67554100097914,34.67554100097914,34.67554100097914,34.67554100097914,34.67554100097914,[34.67554100097914],22528,2,1,4,microbenchmark,ppermute,2026-06-04T17:54:56.076501+00:00Z,2026-06-04T17:54:56.638926+00:00Z,,,,,,,,,,,,,,,,,,,,,,,,,,,,,,,,,,,,,,,,,,,,
29.286020528226157,29.286020528226157,29.286020528226157,29.286020528226157,29.286020528226157,37.881329999436275,37.881329999436275,37.881329999436275,37.881329999436275,37.881329999436275,[37.881329999436275],23552,2,1,4,microbenchmark,ppermute,2026-06-04T17:54:56.639955+00:00Z,2026-06-04T17:54:57.248541+00:00Z,,,,,,,,,,,,,,,,,,,,,,,,,,,,,,,,,,,,,,,,,,,,
29.36825627710076,29.36825627710076,29.36825627710076,29.36825627710076,29.36825627710076,41.131469999527326,41.131469999527326,41.131469999527326,41.131469999527326,41.131469999527326,[41.131469999527326],24576,2,1,4,microbenchmark,ppermute,2026-06-04T17:54:57.249573+00:00Z,2026-06-04T17:54:57.878065+00:00Z,,,,,,,,,,,,,,,,,,,,,,,,,,,,,,,,,,,,,,,,,,,,
29.409951187600278,29.409951187600278,29.409951187600278,29.409951187600278,29.409951187600278,44.56722799841373,44.56722799841373,44.56722799841373,44.56722799841373,44.56722799841373,[44.56722799841373],25600,2,1,4,microbenchmark,ppermute,2026-06-04T17:54:57.879101+00:00Z,2026-06-04T17:54:58.564657+00:00Z,,,,,,,,,,,,,,,,,,,,,,,,,,,,,,,,,,,,,,,,,,,,
29.368659769919926,29.368659769919926,29.368659769919926,29.368659769919926,29.368659769919926,48.27168699921458,48.27168699921458,48.27168699921458,48.27168699921458,48.27168699921458,[48.27168699921458],26624,2,1,4,microbenchmark,ppermute,2026-06-04T17:54:58.565680+00:00Z,2026-06-04T17:54:59.288046+00:00Z,,,,,,,,,,,,,,,,,,,,,,,,,,,,,,,,,,,,,,,,,,,,
29.41537709949696,29.41537709949696,29.41537709949696,29.41537709949696,29.41537709949696,51.9736259993806,51.9736259993806,51.9736259993806,51.9736259993806,51.9736259993806,[51.9736259993806],27648,2,1,4,microbenchmark,ppermute,2026-06-04T17:54:59.289080+00:00Z,2026-06-04T17:55:00.058524+00:00Z,,,,,,,,,,,,,,,,,,,,,,,,,,,,,,,,,,,,,,,,,,,,
29.41883696627902,29.41883696627902,29.41883696627902,29.41883696627902,29.41883696627902,55.8882450004603,55.8882450004603,55.8882450004603,55.8882450004603,55.8882450004603,[55.8882450004603],28672,2,1,4,microbenchmark,ppermute,2026-06-04T17:55:00.059569+00:00Z,2026-06-04T17:55:00.859504+00:00Z,,,,,,,,,,,,,,,,,,,,,,,,,,,,,,,,,,,,,,,,,,,,
29.495352442033212,29.495352442033212,29.495352442033212,29.495352442033212,29.495352442033212,59.79602499974135,59.79602499974135,59.79602499974135,59.79602499974135,59.79602499974135,[59.79602499974135],29696,2,1,4,microbenchmark,ppermute,2026-06-04T17:55:00.860554+00:00Z,2026-06-04T17:55:01.723111+00:00Z,,,,,,,,,,,,,,,,,,,,,,,,,,,,,,,,,,,,,,,,,,,,
2.7608151491895074,2.7608151491895074,2.7608151491895074,2.7608151491895074,2.7608151491895074,0.5697100004908862,0.5697100004908862,0.5697100004908862,0.5697100004908862,0.5697100004908862,[0.5697100004908862],1024,2,1,4,microbenchmark,all_gather,2026-06-04T17:55:01.737281+00:00Z,2026-06-04T17:55:01.871373+00:00Z,,,,,,,,,,,,,,,,,,,,,,,,,,,,,,,,,,,,,,,,,,,,
9.934243907274553,9.934243907274553,9.934243907274553,9.934243907274553,9.934243907274553,0.6333099991024937,0.6333099991024937,0.6333099991024937,0.6333099991024937,0.6333099991024937,[0.6333099991024937],2048,2,1,4,microbenchmark,all_gather,2026-06-04T17:55:01.872383+00:00Z,2026-06-04T17:55:02.090580+00:00Z,,,,,,,,,,,,,,,,,,,,,,,,,,,,,,,,,,,,,,,,,,,,
17.54666996633986,17.54666996633986,17.54666996633986,17.54666996633986,17.54666996633986,0.8067500002653105,0.8067500002653105,0.8067500002653105,0.8067500002653105,0.8067500002653105,[0.8067500002653105],3072,2,1,4,microbenchmark,all_gather,2026-06-04T17:55:02.091590+00:00Z,2026-06-04T17:55:02.378806+00:00Z,,,,,,,,,,,,,,,,,,,,,,,,,,,,,,,,,,,,,,,,,,,,
25.148722861201193,25.148722861201193,25.148722861201193,25.148722861201193,25.148722861201193,1.000680000288412,1.000680000288412,1.000680000288412,1.000680000288412,1.000680000288412,[1.000680000288412],4096,2,1,4,microbenchmark,all_gather,2026-06-04T17:55:02.379814+00:00Z,2026-06-04T17:55:02.686307+00:00Z,,,,,,,,,,,,,,,,,,,,,,,,,,,,,,,,,,,,,,,,,,,,
33.101804087394335,33.101804087394335,33.101804087394335,33.101804087394335,33.101804087394335,1.187899000797188,1.187899000797188,1.187899000797188,1.187899000797188,1.187899000797188,[1.187899000797188],5120,2,1,4,microbenchmark,all_gather,2026-06-04T17:55:02.687334+00:00Z,2026-06-04T17:55:02.984487+00:00Z,,,,,,,,,,,,,,,,,,,,,,,,,,,,,,,,,,,,,,,,,,,,
39.831946830462904,39.831946830462904,39.831946830462904,39.831946830462904,39.831946830462904,1.4215499995771097,1.4215499995771097,1.4215499995771097,1.4215499995771097,1.4215499995771097,[1.4215499995771097],6144,2,1,4,microbenchmark,all_gather,2026-06-04T17:55:02.985516+00:00Z,2026-06-04T17:55:03.270737+00:00Z,,,,,,,,,,,,,,,,,,,,,,,,,,,,,,,,,,,,,,,,,,,,
40.64228775486137,40.64228775486137,40.64228775486137,40.64228775486137,40.64228775486137,1.8963089987664716,1.8963089987664716,1.8963089987664716,1.8963089987664716,1.8963089987664716,[1.8963089987664716],7168,2,1,4,microbenchmark,all_gather,2026-06-04T17:55:03.271757+00:00Z,2026-06-04T17:55:03.673386+00:00Z,,,,,,,,,,,,,,,,,,,,,,,,,,,,,,,,,,,,,,,,,,,,
45.163376954165,45.163376954165,45.163376954165,45.163376954165,45.163376954165,2.2288700001809048,2.2288700001809048,2.2288700001809048,2.2288700001809048,2.2288700001809048,[2.2288700001809048],8192,2,1,4,microbenchmark,all_gather,2026-06-04T17:55:03.674404+00:00Z,2026-06-04T17:55:04.056503+00:00Z,,,,,,,,,,,,,,,,,,,,,,,,,,,,,,,,,,,,,,,,,,,,
47.8248242026977,47.8248242026977,47.8248242026977,47.8248242026977,47.8248242026977,2.6639300012902822,2.6639300012902822,2.6639300012902822,2.6639300012902822,2.6639300012902822,[2.6639300012902822],9216,2,1,4,microbenchmark,all_gather,2026-06-04T17:55:04.057541+00:00Z,2026-06-04T17:55:04.454577+00:00Z,,,,,,,,,,,,,,,,,,,,,,,,,,,,,,,,,,,,,,,,,,,,
48.980430744939675,48.980430744939675,48.980430744939675,48.980430744939675,48.980430744939675,3.211208999346127,3.211208999346127,3.211208999346127,3.211208999346127,3.211208999346127,[3.211208999346127],10240,2,1,4,microbenchmark,all_gather,2026-06-04T17:55:04.455605+00:00Z,2026-06-04T17:55:05.003337+00:00Z,,,,,,,,,,,,,,,,,,,,,,,,,,,,,,,,,,,,,,,,,,,,
51.63102248054433,51.63102248054433,51.63102248054433,51.63102248054433,51.63102248054433,3.686088999529602,3.686088999529602,3.686088999529602,3.686088999529602,3.686088999529602,[3.686088999529602],11264,2,1,4,microbenchmark,all_gather,2026-06-04T17:55:05.004387+00:00Z,2026-06-04T17:55:05.376200+00:00Z,,,,,,,,,,,,,,,,,,,,,,,,,,,,,,,,,,,,,,,,,,,,
52.25366555944509,52.25366555944509,52.25366555944509,52.25366555944509,52.25366555944509,4.334478999226121,4.334478999226121,4.334478999226121,4.334478999226121,4.334478999226121,[4.334478999226121],12288,2,1,4,microbenchmark,all_gather,2026-06-04T17:55:05.377253+00:00Z,2026-06-04T17:55:05.900997+00:00Z,,,,,,,,,,,,,,,,,,,,,,,,,,,,,,,,,,,,,,,,,,,,
53.475323682822584,53.475323682822584,53.475323682822584,53.475323682822584,53.475323682822584,4.970779000359471,4.970779000359471,4.970779000359471,4.970779000359471,4.970779000359471,[4.970779000359471],13312,2,1,4,microbenchmark,all_gather,2026-06-04T17:55:05.902045+00:00Z,2026-06-04T17:55:06.321385+00:00Z,,,,,,,,,,,,,,,,,,,,,,,,,,,,,,,,,,,,,,,,,,,,
54.736696486933425,54.736696486933425,54.736696486933425,54.736696486933425,54.736696486933425,5.632077998598106,5.632077998598106,5.632077998598106,5.632077998598106,5.632077998598106,[5.632077998598106],14336,2,1,4,microbenchmark,all_gather,2026-06-04T17:55:06.322458+00:00Z,2026-06-04T17:55:06.762810+00:00Z,,,,,,,,,,,,,,,,,,,,,,,,,,,,,,,,,,,,,,,,,,,,
55.201140295561956,55.201140295561956,55.201140295561956,55.201140295561956,55.201140295561956,6.410997999410029,6.410997999410029,6.410997999410029,6.410997999410029,6.410997999410029,[6.410997999410029],15360,2,1,4,microbenchmark,all_gather,2026-06-04T17:55:06.763883+00:00Z,2026-06-04T17:55:07.290043+00:00Z,,,,,,,,,,,,,,,,,,,,,,,,,,,,,,,,,,,,,,,,,,,,
55.04962069062195,55.04962069062195,55.04962069062195,55.04962069062195,55.04962069062195,7.314368000152172,7.314368000152172,7.314368000152172,7.314368000152172,7.314368000152172,[7.314368000152172],16384,2,1,4,microbenchmark,all_gather,2026-06-04T17:55:07.291125+00:00Z,2026-06-04T17:55:07.771444+00:00Z,,,,,,,,,,,,,,,,,,,,,,,,,,,,,,,,,,,,,,,,,,,,
56.214506619719565,56.214506619719565,56.214506619719565,56.214506619719565,56.214506619719565,8.086128000286408,8.086128000286408,8.086128000286408,8.086128000286408,8.086128000286408,[8.086128000286408],17408,2,1,4,microbenchmark,all_gather,2026-06-04T17:55:07.772504+00:00Z,2026-06-04T17:55:08.409399+00:00Z,,,,,,,,,,,,,,,,,,,,,,,,,,,,,,,,,,,,,,,,,,,,
56.0331496496353,56.0331496496353,56.0331496496353,56.0331496496353,56.0331496496353,9.094757999264402,9.094757999264402,9.094757999264402,9.094757999264402,9.094757999264402,[9.094757999264402],18432,2,1,4,microbenchmark,all_gather,2026-06-04T17:55:08.410486+00:00Z,2026-06-04T17:55:08.886589+00:00Z,,,,,,,,,,,,,,,,,,,,,,,,,,,,,,,,,,,,,,,,,,,,
56.89060457338882,56.89060457338882,56.89060457338882,56.89060457338882,56.89060457338882,9.980626999094966,9.980626999094966,9.980626999094966,9.980626999094966,9.980626999094966,[9.980626999094966],19456,2,1,4,microbenchmark,all_gather,2026-06-04T17:55:08.887659+00:00Z,2026-06-04T17:55:09.379445+00:00Z,,,,,,,,,,,,,,,,,,,,,,,,,,,,,,,,,,,,,,,,,,,,
57.372403073071084,57.372403073071084,57.372403073071084,57.372403073071084,57.372403073071084,10.9659970003122,10.9659970003122,10.9659970003122,10.9659970003122,10.9659970003122,[10.9659970003122],20480,2,1,4,microbenchmark,all_gather,2026-06-04T17:55:09.380534+00:00Z,2026-06-04T17:55:09.932240+00:00Z,,,,,,,,,,,,,,,,,,,,,,,,,,,,,,,,,,,,,,,,,,,,
57.97946373800089,57.97946373800089,57.97946373800089,57.97946373800089,57.97946373800089,11.963426000875188,11.963426000875188,11.963426000875188,11.963426000875188,11.963426000875188,[11.963426000875188],21504,2,1,4,microbenchmark,all_gather,2026-06-04T17:55:09.933342+00:00Z,2026-06-04T17:55:10.494687+00:00Z,,,,,,,,,,,,,,,,,,,,,,,,,,,,,,,,,,,,,,,,,,,,
58.26110138079273,58.26110138079273,58.26110138079273,58.26110138079273,58.26110138079273,13.066457000604714,13.066457000604714,13.066457000604714,13.066457000604714,13.066457000604714,[13.066457000604714],22528,2,1,4,microbenchmark,all_gather,2026-06-04T17:55:10.495802+00:00Z,2026-06-04T17:55:11.041064+00:00Z,,,,,,,,,,,,,,,,,,,,,,,,,,,,,,,,,,,,,,,,,,,,
58.08473825212802,58.08473825212802,58.08473825212802,58.08473825212802,58.08473825212802,14.324675999887404,14.324675999887404,14.324675999887404,14.324675999887404,14.324675999887404,[14.324675999887404],23552,2,1,4,microbenchmark,all_gather,2026-06-04T17:55:11.042178+00:00Z,2026-06-04T17:55:11.594050+00:00Z,,,,,,,,,,,,,,,,,,,,,,,,,,,,,,,,,,,,,,,,,,,,
58.79939453898631,58.79939453898631,58.79939453898631,58.79939453898631,58.79939453898631,15.40780600043945,15.40780600043945,15.40780600043945,15.40780600043945,15.40780600043945,[15.40780600043945],24576,2,1,4,microbenchmark,all_gather,2026-06-04T17:55:11.595176+00:00Z,2026-06-04T17:55:12.203214+00:00Z,,,,,,,,,,,,,,,,,,,,,,,,,,,,,,,,,,,,,,,,,,,,
58.6547918738634,58.6547918738634,58.6547918738634,58.6547918738634,58.6547918738634,16.759755999373738,16.759755999373738,16.759755999373738,16.759755999373738,16.759755999373738,[16.759755999373738],25600,2,1,4,microbenchmark,all_gather,2026-06-04T17:55:12.204348+00:00Z,2026-06-04T17:55:12.789725+00:00Z,,,,,,,,,,,,,,,,,,,,,,,,,,,,,,,,,,,,,,,,,,,,
59.198287662540984,59.198287662540984,59.198287662540984,59.198287662540984,59.198287662540984,17.96092599943222,17.96092599943222,17.96092599943222,17.96092599943222,17.96092599943222,[17.96092599943222],26624,2,1,4,microbenchmark,all_gather,2026-06-04T17:55:12.790862+00:00Z,2026-06-04T17:55:13.389060+00:00Z,,,,,,,,,,,,,,,,,,,,,,,,,,,,,,,,,,,,,,,,,,,,
59.340810559780735,59.340810559780735,59.340810559780735,59.340810559780735,59.340810559780735,19.322584999827086,19.322584999827086,19.322584999827086,19.322584999827086,19.322584999827086,[19.322584999827086],27648,2,1,4,microbenchmark,all_gather,2026-06-04T17:55:13.390197+00:00Z,2026-06-04T17:55:14.017997+00:00Z,,,,,,,,,,,,,,,,,,,,,,,,,,,,,,,,,,,,,,,,,,,,
59.52456323605754,59.52456323605754,59.52456323605754,59.52456323605754,59.52456323605754,20.71624400014116,20.71624400014116,20.71624400014116,20.71624400014116,20.71624400014116,[20.71624400014116],28672,2,1,4,microbenchmark,all_gather,2026-06-04T17:55:14.019121+00:00Z,2026-06-04T17:55:14.658651+00:00Z,,,,,,,,,,,,,,,,,,,,,,,,,,,,,,,,,,,,,,,,,,,,
59.58853085065341,59.58853085065341,59.58853085065341,59.58853085065341,59.58853085065341,22.198544000275433,22.198544000275433,22.198544000275433,22.198544000275433,22.198544000275433,[22.198544000275433],29696,2,1,4,microbenchmark,all_gather,2026-06-04T17:55:14.659806+00:00Z,2026-06-04T17:55:15.316429+00:00Z,,,,,,,,,,,,,,,,,,,,,,,,,,,,,,,,,,,,,,,,,,,,
8.13816941182008,8.13816941182008,8.13816941182008,8.13816941182008,8.13816941182008,0.38653999945381656,0.38653999945381656,0.38653999945381656,0.38653999945381656,0.38653999945381656,[0.38653999945381656],1024,2,1,4,microbenchmark,psum,2026-06-04T17:55:15.328443+00:00Z,2026-06-04T17:55:15.405215+00:00Z,,,,,,,,,,,,,,,,,,,,,,,,,,,,,,,,,,,,,,,,,,,,
21.231643035456813,21.231643035456813,21.231643035456813,21.231643035456813,21.231643035456813,0.5926489993726136,0.5926489993726136,0.5926489993726136,0.5926489993726136,0.5926489993726136,[0.5926489993726136],2048,2,1,4,microbenchmark,psum,2026-06-04T17:55:15.406296+00:00Z,2026-06-04T17:55:15.483493+00:00Z,,,,,,,,,,,,,,,,,,,,,,,,,,,,,,,,,,,,,,,,,,,,
30.398075921445994,30.398075921445994,30.398075921445994,30.398075921445994,30.398075921445994,0.9313600003224565,0.9313600003224565,0.9313600003224565,0.9313600003224565,0.9313600003224565,[0.9313600003224565],3072,2,1,4,microbenchmark,psum,2026-06-04T17:55:15.484606+00:00Z,2026-06-04T17:55:15.568331+00:00Z,,,,,,,,,,,,,,,,,,,,,,,,,,,,,,,,,,,,,,,,,,,,
36.023765043096404,36.023765043096404,36.023765043096404,36.023765043096404,36.023765043096404,1.3971789994684514,1.3971789994684514,1.3971789994684514,1.3971789994684514,1.3971789994684514,[1.3971789994684514],4096,2,1,4,microbenchmark,psum,2026-06-04T17:55:15.569437+00:00Z,2026-06-04T17:55:15.691155+00:00Z,,,,,,,,,,,,,,,,,,,,,,,,,,,,,,,,,,,,,,,,,,,,
38.70428597268704,38.70428597268704,38.70428597268704,38.70428597268704,38.70428597268704,2.0318990009400295,2.0318990009400295,2.0318990009400295,2.0318990009400295,2.0318990009400295,[2.0318990009400295],5120,2,1,4,microbenchmark,psum,2026-06-04T17:55:15.692262+00:00Z,2026-06-04T17:55:15.784727+00:00Z,,,,,,,,,,,,,,,,,,,,,,,,,,,,,,,,,,,,,,,,,,,,
41.58862787506899,41.58862787506899,41.58862787506899,41.58862787506899,41.58862787506899,2.7230089999648044,2.7230089999648044,2.7230089999648044,2.7230089999648044,2.7230089999648044,[2.7230089999648044],6144,2,1,4,microbenchmark,psum,2026-06-04T17:55:15.785851+00:00Z,2026-06-04T17:55:15.921495+00:00Z,,,,,,,,,,,,,,,,,,,,,,,,,,,,,,,,,,,,,,,,,,,,
43.641446356828496,43.641446356828496,43.641446356828496,43.641446356828496,43.641446356828496,3.5319789985805983,3.5319789985805983,3.5319789985805983,3.5319789985805983,3.5319789985805983,[3.5319789985805983],7168,2,1,4,microbenchmark,psum,2026-06-04T17:55:15.922626+00:00Z,2026-06-04T17:55:16.031235+00:00Z,,,,,,,,,,,,,,,,,,,,,,,,,,,,,,,,,,,,,,,,,,,,
44.63144284489429,44.63144284489429,44.63144284489429,44.63144284489429,44.63144284489429,4.510869001023821,4.510869001023821,4.510869001023821,4.510869001023821,4.510869001023821,[4.510869001023821],8192,2,1,4,microbenchmark,psum,2026-06-04T17:55:16.032360+00:00Z,2026-06-04T17:55:16.187404+00:00Z,,,,,,,,,,,,,,,,,,,,,,,,,,,,,,,,,,,,,,,,,,,,
45.203744194381976,45.203744194381976,45.203744194381976,45.203744194381976,45.203744194381976,5.63678899925435,5.63678899925435,5.63678899925435,5.63678899925435,5.63678899925435,[5.63678899925435],9216,2,1,4,microbenchmark,psum,2026-06-04T17:55:16.188558+00:00Z,2026-06-04T17:55:16.354905+00:00Z,,,,,,,,,,,,,,,,,,,,,,,,,,,,,,,,,,,,,,,,,,,,
45.88721098021863,45.88721098021863,45.88721098021863,45.88721098021863,45.88721098021863,6.855347999589867,6.855347999589867,6.855347999589867,6.855347999589867,6.855347999589867,[6.855347999589867],10240,2,1,4,microbenchmark,psum,2026-06-04T17:55:16.356046+00:00Z,2026-06-04T17:55:16.536787+00:00Z,,,,,,,,,,,,,,,,,,,,,,,,,,,,,,,,,,,,,,,,,,,,
45.90421735236419,45.90421735236419,45.90421735236419,45.90421735236419,45.90421735236419,8.291897998788045,8.291897998788045,8.291897998788045,8.291897998788045,8.291897998788045,[8.291897998788045],11264,2,1,4,microbenchmark,psum,2026-06-04T17:55:16.537924+00:00Z,2026-06-04T17:55:16.697207+00:00Z,,,,,,,,,,,,,,,,,,,,,,,,,,,,,,,,,,,,,,,,,,,,
46.46737941752419,46.46737941752419,46.46737941752419,46.46737941752419,46.46737941752419,9.748448001118959,9.748448001118959,9.748448001118959,9.748448001118959,9.748448001118959,[9.748448001118959],12288,2,1,4,microbenchmark,psum,2026-06-04T17:55:16.698354+00:00Z,2026-06-04T17:55:16.910367+00:00Z,,,,,,,,,,,,,,,,,,,,,,,,,,,,,,,,,,,,,,,,,,,,
47.051237922466704,47.051237922466704,47.051237922466704,47.051237922466704,47.051237922466704,11.298916999294306,11.298916999294306,11.298916999294306,11.298916999294306,11.298916999294306,[11.298916999294306],13312,2,1,4,microbenchmark,psum,2026-06-04T17:55:16.911509+00:00Z,2026-06-04T17:55:17.139461+00:00Z,,,,,,,,,,,,,,,,,,,,,,,,,,,,,,,,,,,,,,,,,,,,
47.41350361270645,47.41350361270645,47.41350361270645,47.41350361270645,47.41350361270645,13.003946998651372,13.003946998651372,13.003946998651372,13.003946998651372,13.003946998651372,[13.003946998651372],14336,2,1,4,microbenchmark,psum,2026-06-04T17:55:17.140621+00:00Z,2026-06-04T17:55:17.392197+00:00Z,,,,,,,,,,,,,,,,,,,,,,,,,,,,,,,,,,,,,,,,,,,,
47.55511891991734,47.55511891991734,47.55511891991734,47.55511891991734,47.55511891991734,14.883546000419301,14.883546000419301,14.883546000419301,14.883546000419301,14.883546000419301,[14.883546000419301],15360,2,1,4,microbenchmark,psum,2026-06-04T17:55:17.393356+00:00Z,2026-06-04T17:55:17.625574+00:00Z,,,,,,,,,,,,,,,,,,,,,,,,,,,,,,,,,,,,,,,,,,,,
47.613156948270245,47.613156948270245,47.613156948270245,47.613156948270245,47.613156948270245,16.9135260002804,16.9135260002804,16.9135260002804,16.9135260002804,16.9135260002804,[16.9135260002804],16384,2,1,4,microbenchmark,psum,2026-06-04T17:55:17.626726+00:00Z,2026-06-04T17:55:17.919581+00:00Z,,,,,,,,,,,,,,,,,,,,,,,,,,,,,,,,,,,,,,,,,,,,
47.974968791233714,47.974968791233714,47.974968791233714,47.974968791233714,47.974968791233714,18.94978600103059,18.94978600103059,18.94978600103059,18.94978600103059,18.94978600103059,[18.94978600103059],17408,2,1,4,microbenchmark,psum,2026-06-04T17:55:17.920729+00:00Z,2026-06-04T17:55:18.234606+00:00Z,,,,,,,,,,,,,,,,,,,,,,,,,,,,,,,,,,,,,,,,,,,,
48.13140121409525,48.13140121409525,48.13140121409525,48.13140121409525,48.13140121409525,21.175694999328698,21.175694999328698,21.175694999328698,21.175694999328698,21.175694999328698,[21.175694999328698],18432,2,1,4,microbenchmark,psum,2026-06-04T17:55:18.235753+00:00Z,2026-06-04T17:55:18.573177+00:00Z,,,,,,,,,,,,,,,,,,,,,,,,,,,,,,,,,,,,,,,,,,,,
48.28497702965658,48.28497702965658,48.28497702965658,48.28497702965658,48.28497702965658,23.518863999925088,23.518863999925088,23.518863999925088,23.518863999925088,23.518863999925088,[23.518863999925088],19456,2,1,4,microbenchmark,psum,2026-06-04T17:55:18.574333+00:00Z,2026-06-04T17:55:18.936368+00:00Z,,,,,,,,,,,,,,,,,,,,,,,,,,,,,,,,,,,,,,,,,,,,
48.38255856189775,48.38255856189775,48.38255856189775,48.38255856189775,48.38255856189775,26.00712400089833,26.00712400089833,26.00712400089833,26.00712400089833,26.00712400089833,[26.00712400089833],20480,2,1,4,microbenchmark,psum,2026-06-04T17:55:18.937530+00:00Z,2026-06-04T17:55:19.327348+00:00Z,,,,,,,,,,,,,,,,,,,,,,,,,,,,,,,,,,,,,,,,,,,,
48.43027834705784,48.43027834705784,48.43027834705784,48.43027834705784,48.43027834705784,28.644601999985753,28.644601999985753,28.644601999985753,28.644601999985753,28.644601999985753,[28.644601999985753],21504,2,1,4,microbenchmark,psum,2026-06-04T17:55:19.328510+00:00Z,2026-06-04T17:55:19.745904+00:00Z,,,,,,,,,,,,,,,,,,,,,,,,,,,,,,,,,,,,,,,,,,,,
48.59868787116458,48.59868787116458,48.59868787116458,48.59868787116458,48.59868787116458,31.328672001109226,31.328672001109226,31.328672001109226,31.328672001109226,31.328672001109226,[31.328672001109226],22528,2,1,4,microbenchmark,psum,2026-06-04T17:55:19.747082+00:00Z,2026-06-04T17:55:20.197557+00:00Z,,,,,,,,,,,,,,,,,,,,,,,,,,,,,,,,,,,,,,,,,,,,
48.55217924223951,48.55217924223951,48.55217924223951,48.55217924223951,48.55217924223951,34.27426199959882,34.27426199959882,34.27426199959882,34.27426199959882,34.27426199959882,[34.27426199959882],23552,2,1,4,microbenchmark,psum,2026-06-04T17:55:20.198713+00:00Z,2026-06-04T17:55:20.681989+00:00Z,,,,,,,,,,,,,,,,,,,,,,,,,,,,,,,,,,,,,,,,,,,,
48.76480632574948,48.76480632574948,48.76480632574948,48.76480632574948,48.76480632574948,37.15670100064017,37.15670100064017,37.15670100064017,37.15670100064017,37.15670100064017,[37.15670100064017],24576,2,1,4,microbenchmark,psum,2026-06-04T17:55:20.683152+00:00Z,2026-06-04T17:55:21.195236+00:00Z,,,,,,,,,,,,,,,,,,,,,,,,,,,,,,,,,,,,,,,,,,,,
48.76944031832333,48.76944031832333,48.76944031832333,48.76944031832333,48.76944031832333,40.313769999556825,40.313769999556825,40.313769999556825,40.313769999556825,40.313769999556825,[40.313769999556825],25600,2,1,4,microbenchmark,psum,2026-06-04T17:55:21.196340+00:00Z,2026-06-04T17:55:21.743086+00:00Z,,,,,,,,,,,,,,,,,,,,,,,,,,,,,,,,,,,,,,,,,,,,
48.884213622947506,48.884213622947506,48.884213622947506,48.884213622947506,48.884213622947506,43.50099900148052,43.50099900148052,43.50099900148052,43.50099900148052,43.50099900148052,[43.50099900148052],26624,2,1,4,microbenchmark,psum,2026-06-04T17:55:21.744243+00:00Z,2026-06-04T17:55:22.328394+00:00Z,,,,,,,,,,,,,,,,,,,,,,,,,,,,,,,,,,,,,,,,,,,,
48.87108969597784,48.87108969597784,48.87108969597784,48.87108969597784,48.87108969597784,46.92417800106341,46.92417800106341,46.92417800106341,46.92417800106341,46.92417800106341,[46.92417800106341],27648,2,1,4,microbenchmark,psum,2026-06-04T17:55:22.329559+00:00Z,2026-06-04T17:55:22.946082+00:00Z,,,,,,,,,,,,,,,,,,,,,,,,,,,,,,,,,,,,,,,,,,,,
48.91802004953257,48.91802004953257,48.91802004953257,48.91802004953257,48.91802004953257,50.41599699870858,50.41599699870858,50.41599699870858,50.41599699870858,50.41599699870858,[50.41599699870858],28672,2,1,4,microbenchmark,psum,2026-06-04T17:55:22.947264+00:00Z,2026-06-04T17:55:23.603943+00:00Z,,,,,,,,,,,,,,,,,,,,,,,,,,,,,,,,,,,,,,,,,,,,
48.968371336708145,48.968371336708145,48.968371336708145,48.968371336708145,48.968371336708145,54.02583700015384,54.02583700015384,54.02583700015384,54.02583700015384,54.02583700015384,[54.02583700015384],29696,2,1,4,microbenchmark,psum,2026-06-04T17:55:23.605105+00:00Z,2026-06-04T17:55:24.305371+00:00Z,,,,,,,,,,,,,,,,,,,,,,,,,,,,,,,,,,,,,,,,,,,,
4.05377319185766,4.05377319185766,4.05377319185766,4.05377319185766,4.05377319185766,0.3880000003846362,0.3880000003846362,0.3880000003846362,0.3880000003846362,0.3880000003846362,[0.3880000003846362],1024,2,1,4,microbenchmark,psum_scatter,2026-06-04T17:55:24.317141+00:00Z,2026-06-04T17:55:24.391253+00:00Z,,,,,,,,,,,,,,,,,,,,,,,,,,,,,,,,,,,,,,,,,,,,
10.889393520895316,10.889393520895316,10.889393520895316,10.889393520895316,10.889393520895316,0.5777599999419181,0.5777599999419181,0.5777599999419181,0.5777599999419181,0.5777599999419181,[0.5777599999419181],2048,2,1,4,microbenchmark,psum_scatter,2026-06-04T17:55:24.392340+00:00Z,2026-06-04T17:55:24.460850+00:00Z,,,,,,,,,,,,,,,,,,,,,,,,,,,,,,,,,,,,,,,,,,,,
15.948031749268507,15.948031749268507,15.948031749268507,15.948031749268507,15.948031749268507,0.8876190004230011,0.8876190004230011,0.8876190004230011,0.8876190004230011,0.8876190004230011,[0.8876190004230011],3072,2,1,4,microbenchmark,psum_scatter,2026-06-04T17:55:24.461895+00:00Z,2026-06-04T17:55:24.535577+00:00Z,,,,,,,,,,,,,,,,,,,,,,,,,,,,,,,,,,,,,,,,,,,,
18.519002232689147,18.519002232689147,18.519002232689147,18.519002232689147,18.519002232689147,1.3589190002676332,1.3589190002676332,1.3589190002676332,1.3589190002676332,1.3589190002676332,[1.3589190002676332],4096,2,1,4,microbenchmark,psum_scatter,2026-06-04T17:55:24.536646+00:00Z,2026-06-04T17:55:24.664275+00:00Z,,,,,,,,,,,,,,,,,,,,,,,,,,,,,,,,,,,,,,,,,,,,
21.11328870290571,21.11328870290571,21.11328870290571,21.11328870290571,21.11328870290571,1.8624099993758136,1.8624099993758136,1.8624099993758136,1.8624099993758136,1.8624099993758136,[1.8624099993758136],5120,2,1,4,microbenchmark,psum_scatter,2026-06-04T17:55:24.665372+00:00Z,2026-06-04T17:55:24.786390+00:00Z,,,,,,,,,,,,,,,,,,,,,,,,,,,,,,,,,,,,,,,,,,,,
21.782565604965296,21.782565604965296,21.782565604965296,21.782565604965296,21.782565604965296,2.5994689985964214,2.5994689985964214,2.5994689985964214,2.5994689985964214,2.5994689985964214,[2.5994689985964214],6144,2,1,4,microbenchmark,psum_scatter,2026-06-04T17:55:24.787501+00:00Z,2026-06-04T17:55:24.944323+00:00Z,,,,,,,,,,,,,,,,,,,,,,,,,,,,,,,,,,,,,,,,,,,,
23.54932886697778,23.54932886697778,23.54932886697778,23.54932886697778,23.54932886697778,3.2727189991419436,3.2727189991419436,3.2727189991419436,3.2727189991419436,3.2727189991419436,[3.2727189991419436],7168,2,1,4,microbenchmark,psum_scatter,2026-06-04T17:55:24.945453+00:00Z,2026-06-04T17:55:25.046328+00:00Z,,,,,,,,,,,,,,,,,,,,,,,,,,,,,,,,,,,,,,,,,,,,
23.821972900573392,23.821972900573392,23.821972900573392,23.821972900573392,23.821972900573392,4.225649001455167,4.225649001455167,4.225649001455167,4.225649001455167,4.225649001455167,[4.225649001455167],8192,2,1,4,microbenchmark,psum_scatter,2026-06-04T17:55:25.047442+00:00Z,2026-06-04T17:55:25.261116+00:00Z,,,,,,,,,,,,,,,,,,,,,,,,,,,,,,,,,,,,,,,,,,,,
24.095858416023734,24.095858416023734,24.095858416023734,24.095858416023734,24.095858416023734,5.287297999529983,5.287297999529983,5.287297999529983,5.287297999529983,5.287297999529983,[5.287297999529983],9216,2,1,4,microbenchmark,psum_scatter,2026-06-04T17:55:25.262245+00:00Z,2026-06-04T17:55:25.523950+00:00Z,,,,,,,,,,,,,,,,,,,,,,,,,,,,,,,,,,,,,,,,,,,,
23.81378042210087,23.81378042210087,23.81378042210087,23.81378042210087,23.81378042210087,6.604848000279162,6.604848000279162,6.604848000279162,6.604848000279162,6.604848000279162,[6.604848000279162],10240,2,1,4,microbenchmark,psum_scatter,2026-06-04T17:55:25.525086+00:00Z,2026-06-04T17:55:25.794592+00:00Z,,,,,,,,,,,,,,,,,,,,,,,,,,,,,,,,,,,,,,,,,,,,
24.15767663650562,24.15767663650562,24.15767663650562,24.15767663650562,24.15767663650562,7.878098000219325,7.878098000219325,7.878098000219325,7.878098000219325,7.878098000219325,[7.878098000219325],11264,2,1,4,microbenchmark,psum_scatter,2026-06-04T17:55:25.795722+00:00Z,2026-06-04T17:55:26.061729+00:00Z,,,,,,,,,,,,,,,,,,,,,,,,,,,,,,,,,,,,,,,,,,,,
24.502280465194186,24.502280465194186,24.502280465194186,24.502280465194186,24.502280465194186,9.243728000001283,9.243728000001283,9.243728000001283,9.243728000001283,9.243728000001283,[9.243728000001283],12288,2,1,4,microbenchmark,psum_scatter,2026-06-04T17:55:26.062885+00:00Z,2026-06-04T17:55:26.288698+00:00Z,,,,,,,,,,,,,,,,,,,,,,,,,,,,,,,,,,,,,,,,,,,,
24.556433864691247,24.556433864691247,24.556433864691247,24.556433864691247,24.556433864691247,10.824617998878239,10.824617998878239,10.824617998878239,10.824617998878239,10.824617998878239,[10.824617998878239],13312,2,1,4,microbenchmark,psum_scatter,2026-06-04T17:55:26.289863+00:00Z,2026-06-04T17:55:26.589241+00:00Z,,,,,,,,,,,,,,,,,,,,,,,,,,,,,,,,,,,,,,,,,,,,
25.728475300236862,25.728475300236862,25.728475300236862,25.728475300236862,25.728475300236862,11.982107000221731,11.982107000221731,11.982107000221731,11.982107000221731,11.982107000221731,[11.982107000221731],14336,2,1,4,microbenchmark,psum_scatter,2026-06-04T17:55:26.590385+00:00Z,2026-06-04T17:55:26.785412+00:00Z,,,,,,,,,,,,,,,,,,,,,,,,,,,,,,,,,,,,,,,,,,,,
24.633330657803302,24.633330657803302,24.633330657803302,24.633330657803302,24.633330657803302,14.366485998834833,14.366485998834833,14.366485998834833,14.366485998834833,14.366485998834833,[14.366485998834833],15360,2,1,4,microbenchmark,psum_scatter,2026-06-04T17:55:26.786570+00:00Z,2026-06-04T17:55:27.076991+00:00Z,,,,,,,,,,,,,,,,,,,,,,,,,,,,,,,,,,,,,,,,,,,,
24.826345448216145,24.826345448216145,24.826345448216145,24.826345448216145,24.826345448216145,16.218786000536056,16.218786000536056,16.218786000536056,16.218786000536056,16.218786000536056,[16.218786000536056],16384,2,1,4,microbenchmark,psum_scatter,2026-06-04T17:55:27.078145+00:00Z,2026-06-04T17:55:27.438803+00:00Z,,,,,,,,,,,,,,,,,,,,,,,,,,,,,,,,,,,,,,,,,,,,
24.72601240717104,24.72601240717104,24.72601240717104,24.72601240717104,24.72601240717104,18.383784999969066,18.383784999969066,18.383784999969066,18.383784999969066,18.383784999969066,[18.383784999969066],17408,2,1,4,microbenchmark,psum_scatter,2026-06-04T17:55:27.439951+00:00Z,2026-06-04T17:55:27.786097+00:00Z,,,,,,,,,,,,,,,,,,,,,,,,,,,,,,,,,,,,,,,,,,,,
26.169780794045405,26.169780794045405,26.169780794045405,26.169780794045405,26.169780794045405,19.47314499921049,19.47314499921049,19.47314499921049,19.47314499921049,19.47314499921049,[19.47314499921049],18432,2,1,4,microbenchmark,psum_scatter,2026-06-04T17:55:27.787279+00:00Z,2026-06-04T17:55:28.063939+00:00Z,,,,,,,,,,,,,,,,,,,,,,,,,,,,,,,,,,,,,,,,,,,,
24.95345118914113,24.95345118914113,24.95345118914113,24.95345118914113,24.95345118914113,22.754524001356913,22.754524001356913,22.754524001356913,22.754524001356913,22.754524001356913,[22.754524001356913],19456,2,1,4,microbenchmark,psum_scatter,2026-06-04T17:55:28.065091+00:00Z,2026-06-04T17:55:28.497339+00:00Z,,,,,,,,,,,,,,,,,,,,,,,,,,,,,,,,,,,,,,,,,,,,
26.342000649975816,26.342000649975816,26.342000649975816,26.342000649975816,26.342000649975816,23.883744001068408,23.883744001068408,23.883744001068408,23.883744001068408,23.883744001068408,[23.883744001068408],20480,2,1,4,microbenchmark,psum_scatter,2026-06-04T17:55:28.498512+00:00Z,2026-06-04T17:55:28.825891+00:00Z,,,,,,,,,,,,,,,,,,,,,,,,,,,,,,,,,,,,,,,,,,,,
25.134460752512016,25.134460752512016,25.134460752512016,25.134460752512016,25.134460752512016,27.596893000009004,27.596893000009004,27.596893000009004,27.596893000009004,27.596893000009004,[27.596893000009004],21504,2,1,4,microbenchmark,psum_scatter,2026-06-04T17:55:28.827074+00:00Z,2026-06-04T17:55:29.322578+00:00Z,,,,,,,,,,,,,,,,,,,,,,,,,,,,,,,,,,,,,,,,,,,,
25.32261240847788,25.32261240847788,25.32261240847788,25.32261240847788,25.32261240847788,30.062702999202884,30.062702999202884,30.062702999202884,30.062702999202884,30.062702999202884,[30.062702999202884],22528,2,1,4,microbenchmark,psum_scatter,2026-06-04T17:55:29.323746+00:00Z,2026-06-04T17:55:29.842561+00:00Z,,,,,,,,,,,,,,,,,,,,,,,,,,,,,,,,,,,,,,,,,,,,
25.327921934610995,25.327921934610995,25.327921934610995,25.327921934610995,25.327921934610995,32.850900999619626,32.850900999619626,32.850900999619626,32.850900999619626,32.850900999619626,[32.850900999619626],23552,2,1,4,microbenchmark,psum_scatter,2026-06-04T17:55:29.843740+00:00Z,2026-06-04T17:55:30.435617+00:00Z,,,,,,,,,,,,,,,,,,,,,,,,,,,,,,,,,,,,,,,,,,,,
26.508717329734264,26.508717329734264,26.508717329734264,26.508717329734264,26.508717329734264,34.17629199975636,34.17629199975636,34.17629199975636,34.17629199975636,34.17629199975636,[34.17629199975636],24576,2,1,4,microbenchmark,psum_scatter,2026-06-04T17:55:30.436761+00:00Z,2026-06-04T17:55:30.873666+00:00Z,,,,,,,,,,,,,,,,,,,,,,,,,,,,,,,,,,,,,,,,,,,,
26.56884252911224,26.56884252911224,26.56884252911224,26.56884252911224,26.56884252911224,36.99973000038881,36.99973000038881,36.99973000038881,36.99973000038881,36.99973000038881,[36.99973000038881],25600,2,1,4,microbenchmark,psum_scatter,2026-06-04T17:55:30.874830+00:00Z,2026-06-04T17:55:31.345709+00:00Z,,,,,,,,,,,,,,,,,,,,,,,,,,,,,,,,,,,,,,,,,,,,
26.655924903081655,26.655924903081655,26.655924903081655,26.655924903081655,26.655924903081655,39.888169998448575,39.888169998448575,39.888169998448575,39.888169998448575,39.888169998448575,[39.888169998448575],26624,2,1,4,microbenchmark,psum_scatter,2026-06-04T17:55:31.346894+00:00Z,2026-06-04T17:55:31.846901+00:00Z,,,,,,,,,,,,,,,,,,,,,,,,,,,,,,,,,,,,,,,,,,,,
26.696176882805375,26.696176882805375,26.696176882805375,26.696176882805375,26.696176882805375,42.95063900099194,42.95063900099194,42.95063900099194,42.95063900099194,42.95063900099194,[42.95063900099194],27648,2,1,4,microbenchmark,psum_scatter,2026-06-04T17:55:31.848082+00:00Z,2026-06-04T17:55:32.382146+00:00Z,,,,,,,,,,,,,,,,,,,,,,,,,,,,,,,,,,,,,,,,,,,,
26.756272536415665,26.756272536415665,26.756272536415665,26.756272536415665,26.756272536415665,46.087337999779265,46.087337999779265,46.087337999779265,46.087337999779265,46.087337999779265,[46.087337999779265],28672,2,1,4,microbenchmark,psum_scatter,2026-06-04T17:55:32.383315+00:00Z,2026-06-04T17:55:32.953140+00:00Z,,,,,,,,,,,,,,,,,,,,,,,,,,,,,,,,,,,,,,,,,,,,
26.75228312249172,26.75228312249172,26.75228312249172,26.75228312249172,26.75228312249172,49.44544799946016,49.44544799946016,49.44544799946016,49.44544799946016,49.44544799946016,[49.44544799946016],29696,2,1,4,microbenchmark,psum_scatter,2026-06-04T17:55:32.954327+00:00Z,2026-06-04T17:55:33.566133+00:00Z,,,,,,,,,,,,,,,,,,,,,,,,,,,,,,,,,,,,,,,,,,,,
4.042105268828354,4.042105268828354,4.042105268828354,4.042105268828354,4.042105268828354,0.3891199994541239,0.3891199994541239,0.3891199994541239,0.3891199994541239,0.3891199994541239,[0.3891199994541239],1024,2,1,4,microbenchmark,all_to_all,2026-06-04T17:55:33.578063+00:00Z,2026-06-04T17:55:33.627048+00:00Z,,,,,,,,,,,,,,,,,,,,,,,,,,,,,,,,,,,,,,,,,,,,
11.110346644799545,11.110346644799545,11.110346644799545,11.110346644799545,11.110346644799545,0.5662700004904764,0.5662700004904764,0.5662700004904764,0.5662700004904764,0.5662700004904764,[0.5662700004904764],2048,2,1,4,microbenchmark,all_to_all,2026-06-04T17:55:33.628066+00:00Z,2026-06-04T17:55:33.676372+00:00Z,,,,,,,,,,,,,,,,,,,,,,,,,,,,,,,,,,,,,,,,,,,,
15.679858211863857,15.679858211863857,15.679858211863857,15.679858211863857,15.679858211863857,0.9028000004036585,0.9028000004036585,0.9028000004036585,0.9028000004036585,0.9028000004036585,[0.9028000004036585],3072,2,1,4,microbenchmark,all_to_all,2026-06-04T17:55:33.677399+00:00Z,2026-06-04T17:55:33.727564+00:00Z,,,,,,,,,,,,,,,,,,,,,,,,,,,,,,,,,,,,,,,,,,,,
18.596031902057355,18.596031902057355,18.596031902057355,18.596031902057355,18.596031902057355,1.353289999315166,1.353289999315166,1.353289999315166,1.353289999315166,1.353289999315166,[1.353289999315166],4096,2,1,4,microbenchmark,all_to_all,2026-06-04T17:55:33.728579+00:00Z,2026-06-04T17:55:33.784598+00:00Z,,,,,,,,,,,,,,,,,,,,,,,,,,,,,,,,,,,,,,,,,,,,
21.166146955569154,21.166146955569154,21.166146955569154,21.166146955569154,21.166146955569154,1.8577589999040356,1.8577589999040356,1.8577589999040356,1.8577589999040356,1.8577589999040356,[1.8577589999040356],5120,2,1,4,microbenchmark,all_to_all,2026-06-04T17:55:33.785654+00:00Z,2026-06-04T17:55:33.847755+00:00Z,,,,,,,,,,,,,,,,,,,,,,,,,,,,,,,,,,,,,,,,,,,,
22.33398400940655,22.33398400940655,22.33398400940655,22.33398400940655,22.33398400940655,2.535289000661578,2.535289000661578,2.535289000661578,2.535289000661578,2.535289000661578,[2.535289000661578],6144,2,1,4,microbenchmark,all_to_all,2026-06-04T17:55:33.848838+00:00Z,2026-06-04T17:55:33.917453+00:00Z,,,,,,,,,,,,,,,,,,,,,,,,,,,,,,,,,,,,,,,,,,,,
22.536774074776076,22.536774074776076,22.536774074776076,22.536774074776076,22.536774074776076,3.4197590011899592,3.4197590011899592,3.4197590011899592,3.4197590011899592,3.4197590011899592,[3.4197590011899592],7168,2,1,4,microbenchmark,all_to_all,2026-06-04T17:55:33.918548+00:00Z,2026-06-04T17:55:34.078021+00:00Z,,,,,,,,,,,,,,,,,,,,,,,,,,,,,,,,,,,,,,,,,,,,
23.172422169203553,23.172422169203553,23.172422169203553,23.172422169203553,23.172422169203553,4.344099001173163,4.344099001173163,4.344099001173163,4.344099001173163,4.344099001173163,[4.344099001173163],8192,2,1,4,microbenchmark,all_to_all,2026-06-04T17:55:34.079166+00:00Z,2026-06-04T17:55:34.239502+00:00Z,,,,,,,,,,,,,,,,,,,,,,,,,,,,,,,,,,,,,,,,,,,,
23.866635171672907,23.866635171672907,23.866635171672907,23.866635171672907,23.866635171672907,5.338078999557183,5.338078999557183,5.338078999557183,5.338078999557183,5.338078999557183,[5.338078999557183],9216,2,1,4,microbenchmark,all_to_all,2026-06-04T17:55:34.240654+00:00Z,2026-06-04T17:55:34.425364+00:00Z,,,,,,,,,,,,,,,,,,,,,,,,,,,,,,,,,,,,,,,,,,,,
23.985989629871657,23.985989629871657,23.985989629871657,23.985989629871657,23.985989629871657,6.557427999723586,6.557427999723586,6.557427999723586,6.557427999723586,6.557427999723586,[6.557427999723586],10240,2,1,4,microbenchmark,all_to_all,2026-06-04T17:55:34.426514+00:00Z,2026-06-04T17:55:34.620920+00:00Z,,,,,,,,,,,,,,,,,,,,,,,,,,,,,,,,,,,,,,,,,,,,
24.551625913639953,24.551625913639953,24.551625913639953,24.551625913639953,24.551625913639953,7.751688001008006,7.751688001008006,7.751688001008006,7.751688001008006,7.751688001008006,[7.751688001008006],11264,2,1,4,microbenchmark,all_to_all,2026-06-04T17:55:34.621887+00:00Z,2026-06-04T17:55:34.837301+00:00Z,,,,,,,,,,,,,,,,,,,,,,,,,,,,,,,,,,,,,,,,,,,,
24.774342588989043,24.774342588989043,24.774342588989043,24.774342588989043,24.774342588989043,9.14221700077178,9.14221700077178,9.14221700077178,9.14221700077178,9.14221700077178,[9.14221700077178],12288,2,1,4,microbenchmark,all_to_all,2026-06-04T17:55:34.838237+00:00Z,2026-06-04T17:55:35.058841+00:00Z,,,,,,,,,,,,,,,,,,,,,,,,,,,,,,,,,,,,,,,,,,,,
24.7674416056982,24.7674416056982,24.7674416056982,24.7674416056982,24.7674416056982,10.732397000538185,10.732397000538185,10.732397000538185,10.732397000538185,10.732397000538185,[10.732397000538185],13312,2,1,4,microbenchmark,all_to_all,2026-06-04T17:55:35.059965+00:00Z,2026-06-04T17:55:35.312684+00:00Z,,,,,,,,,,,,,,,,,,,,,,,,,,,,,,,,,,,,,,,,,,,,
25.09098731140052,25.09098731140052,25.09098731140052,25.09098731140052,25.09098731140052,12.286537001273246,12.286537001273246,12.286537001273246,12.286537001273246,12.286537001273246,[12.286537001273246],14336,2,1,4,microbenchmark,all_to_all,2026-06-04T17:55:35.313825+00:00Z,2026-06-04T17:55:35.577723+00:00Z,,,,,,,,,,,,,,,,,,,,,,,,,,,,,,,,,,,,,,,,,,,,
25.27866616600967,25.27866616600967,25.27866616600967,25.27866616600967,25.27866616600967,13.999726001202362,13.999726001202362,13.999726001202362,13.999726001202362,13.999726001202362,[13.999726001202362],15360,2,1,4,microbenchmark,all_to_all,2026-06-04T17:55:35.578859+00:00Z,2026-06-04T17:55:35.869000+00:00Z,,,,,,,,,,,,,,,,,,,,,,,,,,,,,,,,,,,,,,,,,,,,
25.22978781776786,25.22978781776786,25.22978781776786,25.22978781776786,25.22978781776786,15.959436001139693,15.959436001139693,15.959436001139693,15.959436001139693,15.959436001139693,[15.959436001139693],16384,2,1,4,microbenchmark,all_to_all,2026-06-04T17:55:35.870172+00:00Z,2026-06-04T17:55:36.165757+00:00Z,,,,,,,,,,,,,,,,,,,,,,,,,,,,,,,,,,,,,,,,,,,,
25.395157207320796,25.395157207320796,25.395157207320796,25.395157207320796,25.395157207320796,17.899385000418988,17.899385000418988,17.899385000418988,17.899385000418988,17.899385000418988,[17.899385000418988],17408,2,1,4,microbenchmark,all_to_all,2026-06-04T17:55:36.166939+00:00Z,2026-06-04T17:55:36.502096+00:00Z,,,,,,,,,,,,,,,,,,,,,,,,,,,,,,,,,,,,,,,,,,,,
25.533628031270275,25.533628031270275,25.533628031270275,25.533628031270275,25.533628031270275,19.95830499981821,19.95830499981821,19.95830499981821,19.95830499981821,19.95830499981821,[19.95830499981821],18432,2,1,4,microbenchmark,all_to_all,2026-06-04T17:55:36.503248+00:00Z,2026-06-04T17:55:36.856837+00:00Z,,,,,,,,,,,,,,,,,,,,,,,,,,,,,,,,,,,,,,,,,,,,
25.505389044669062,25.505389044669062,25.505389044669062,25.505389044669062,25.505389044669062,22.26211499873898,22.26211499873898,22.26211499873898,22.26211499873898,22.26211499873898,[22.26211499873898],19456,2,1,4,microbenchmark,all_to_all,2026-06-04T17:55:36.858002+00:00Z,2026-06-04T17:55:37.244333+00:00Z,,,,,,,,,,,,,,,,,,,,,,,,,,,,,,,,,,,,,,,,,,,,
25.626941866206835,25.626941866206835,25.626941866206835,25.626941866206835,25.626941866206835,24.550162999730674,24.550162999730674,24.550162999730674,24.550162999730674,24.550162999730674,[24.550162999730674],20480,2,1,4,microbenchmark,all_to_all,2026-06-04T17:55:37.245497+00:00Z,2026-06-04T17:55:37.650239+00:00Z,,,,,,,,,,,,,,,,,,,,,,,,,,,,,,,,,,,,,,,,,,,,
25.63026722586258,25.63026722586258,25.63026722586258,25.63026722586258,25.63026722586258,27.063042998634046,27.063042998634046,27.063042998634046,27.063042998634046,27.063042998634046,[27.063042998634046],21504,2,1,4,microbenchmark,all_to_all,2026-06-04T17:55:37.651423+00:00Z,2026-06-04T17:55:38.093528+00:00Z,,,,,,,,,,,,,,,,,,,,,,,,,,,,,,,,,,,,,,,,,,,,
25.755464931759686,25.755464931759686,25.755464931759686,25.755464931759686,25.755464931759686,29.557461999502266,29.557461999502266,29.557461999502266,29.557461999502266,29.557461999502266,[29.557461999502266],22528,2,1,4,microbenchmark,all_to_all,2026-06-04T17:55:38.094686+00:00Z,2026-06-04T17:55:38.561286+00:00Z,,,,,,,,,,,,,,,,,,,,,,,,,,,,,,,,,,,,,,,,,,,,
25.782258000638564,25.782258000638564,25.782258000638564,25.782258000638564,25.782258000638564,32.27200100081973,32.27200100081973,32.27200100081973,32.27200100081973,32.27200100081973,[32.27200100081973],23552,2,1,4,microbenchmark,all_to_all,2026-06-04T17:55:38.562452+00:00Z,2026-06-04T17:55:39.066409+00:00Z,,,,,,,,,,,,,,,,,,,,,,,,,,,,,,,,,,,,,,,,,,,,
25.822651105333133,25.822651105333133,25.822651105333133,25.822651105333133,25.822651105333133,35.084301000097184,35.084301000097184,35.084301000097184,35.084301000097184,35.084301000097184,[35.084301000097184],24576,2,1,4,microbenchmark,all_to_all,2026-06-04T17:55:39.067583+00:00Z,2026-06-04T17:55:39.589365+00:00Z,,,,,,,,,,,,,,,,,,,,,,,,,,,,,,,,,,,,,,,,,,,,
25.817823768276213,25.817823768276213,25.817823768276213,25.817823768276213,25.817823768276213,38.07602100096119,38.07602100096119,38.07602100096119,38.07602100096119,38.07602100096119,[38.07602100096119],25600,2,1,4,microbenchmark,all_to_all,2026-06-04T17:55:39.590521+00:00Z,2026-06-04T17:55:40.163433+00:00Z,,,,,,,,,,,,,,,,,,,,,,,,,,,,,,,,,,,,,,,,,,,,
25.849832596118866,25.849832596118866,25.849832596118866,25.849832596118866,25.849832596118866,41.13202900043689,41.13202900043689,41.13202900043689,41.13202900043689,41.13202900043689,[41.13202900043689],26624,2,1,4,microbenchmark,all_to_all,2026-06-04T17:55:40.164603+00:00Z,2026-06-04T17:55:40.763501+00:00Z,,,,,,,,,,,,,,,,,,,,,,,,,,,,,,,,,,,,,,,,,,,,
25.881164329056904,25.881164329056904,25.881164329056904,25.881164329056904,25.881164329056904,44.303179000053206,44.303179000053206,44.303179000053206,44.303179000053206,44.303179000053206,[44.303179000053206],27648,2,1,4,microbenchmark,all_to_all,2026-06-04T17:55:40.764669+00:00Z,2026-06-04T17:55:41.406349+00:00Z,,,,,,,,,,,,,,,,,,,,,,,,,,,,,,,,,,,,,,,,,,,,
25.957022110165624,25.957022110165624,25.957022110165624,25.957022110165624,25.957022110165624,47.50642699946184,47.50642699946184,47.50642699946184,47.50642699946184,47.50642699946184,[47.50642699946184],28672,2,1,4,microbenchmark,all_to_all,2026-06-04T17:55:41.407516+00:00Z,2026-06-04T17:55:42.074704+00:00Z,,,,,,,,,,,,,,,,,,,,,,,,,,,,,,,,,,,,,,,,,,,,
25.954160421346888,25.954160421346888,25.954160421346888,25.954160421346888,25.954160421346888,50.96595699978934,50.96595699978934,50.96595699978934,50.96595699978934,50.96595699978934,[50.96595699978934],29696,2,1,4,microbenchmark,all_to_all,2026-06-04T17:55:42.075880+00:00Z,2026-06-04T17:55:42.797025+00:00Z,,,,,,,,,,,,,,,,,,,,,,,,,,,,,,,,,,,,,,,,,,,,
,,,,,,,,,,,,,,,microbenchmark,naive_matmul,2026-06-04T17:55:42.812300+00:00Z,2026-06-04T17:55:43.512332+00:00Z,8.731028003513522,8.731028003513522,8.731028003513522,8.731028003513522,8.731028003513522,25.579183604043525,25.579183604043525,25.579183604043525,25.579183604043525,25.579183604043525,1024,1024,1024,2147483648,0.006291456,,,,,,,,,,,,,,,,,,,,,,,,,,,,,
,,,,,,,,,,,,,,,microbenchmark,naive_matmul,2026-06-04T17:55:43.513356+00:00Z,2026-06-04T17:55:44.640469+00:00Z,61.37421131495558,61.37421131495558,61.37421131495558,61.37421131495558,61.37421131495558,89.90362985589196,89.90362985589196,89.90362985589196,89.90362985589196,89.90362985589196,2048,2048,2048,17179869184,0.025165824,,,,,,,,,,,,,,,,,,,,,,,,,,,,,
,,,,,,,,,,,,,,,microbenchmark,naive_matmul,2026-06-04T17:55:44.641452+00:00Z,2026-06-04T17:55:46.706925+00:00Z,152.57633441732105,152.57633441732105,152.57633441732105,152.57633441732105,152.57633441732105,149.00032657941512,149.00032657941512,149.00032657941512,149.00032657941512,149.00032657941512,3072,3072,3072,57982058496,0.056623104,,,,,,,,,,,,,,,,,,,,,,,,,,,,,
,,,,,,,,,,,,,,,microbenchmark,naive_matmul,2026-06-04T17:55:46.707970+00:00Z,2026-06-04T17:55:50.392043+00:00Z,267.31295017259765,267.31295017259765,267.31295017259765,267.31295017259765,267.31295017259765,195.78585217719555,195.78585217719555,195.78585217719555,195.78585217719555,195.78585217719555,4096,4096,4096,137438953472,0.100663296,,,,,,,,,,,,,,,,,,,,,,,,,,,,,
,,,,,,,,,,,,,,,microbenchmark,naive_matmul,2026-06-04T17:55:50.393003+00:00Z,2026-06-04T17:55:52.598713+00:00Z,331.5368679806585,331.5368679806585,331.5368679806585,331.5368679806585,331.5368679806585,194.25988358241707,194.25988358241707,194.25988358241707,194.25988358241707,194.25988358241707,5120,5120,5120,268435456000,0.1572864,,,,,,,,,,,,,,,,,,,,,,,,,,,,,
,,,,,,,,,,,,,,,microbenchmark,naive_matmul,2026-06-04T17:55:52.599768+00:00Z,2026-06-04T17:55:54.843837+00:00Z,393.0154358923964,393.0154358923964,393.0154358923964,393.0154358923964,393.0154358923964,191.90206830683417,191.90206830683417,191.90206830683417,191.90206830683417,191.90206830683417,6144,6144,6144,463856467968,0.226492416,,,,,,,,,,,,,,,,,,,,,,,,,,,,,
,,,,,,,,,,,,,,,microbenchmark,naive_matmul,2026-06-04T17:55:54.844800+00:00Z,2026-06-04T17:55:56.576429+00:00Z,427.78061834853054,427.78061834853054,427.78061834853054,427.78061834853054,427.78061834853054,179.0376471882801,179.0376471882801,179.0376471882801,179.0376471882801,179.0376471882801,7168,7168,7168,736586891264,0.308281344,,,,,,,,,,,,,,,,,,,,,,,,,,,,,
,,,,,,,,,,,,,,,microbenchmark,naive_matmul,2026-06-04T17:55:56.577455+00:00Z,2026-06-04T17:55:58.203630+00:00Z,476.4617093459248,476.4617093459248,476.4617093459248,476.4617093459248,476.4617093459248,174.48548926242364,174.48548926242364,174.48548926242364,174.48548926242364,174.48548926242364,8192,8192,8192,1099511627776,0.402653184,,,,,,,,,,,,,,,,,,,,,,,,,,,,,
,,,,,,,,,,,,,,,microbenchmark,naive_matmul,2026-06-04T17:55:58.204608+00:00Z,2026-06-04T17:56:00.079699+00:00Z,518.139185219189,518.139185219189,518.139185219189,518.139185219189,518.139185219189,168.66509935520477,168.66509935520477,168.66509935520477,168.66509935520477,168.66509935520477,9216,9216,9216,1565515579392,0.509607936,,,,,,,,,,,,,,,,,,,,,,,,,,,,,
,,,,,,,,,,,,,,,microbenchmark,naive_matmul,2026-06-04T17:56:00.080681+00:00Z,2026-06-04T17:56:02.051997+00:00Z,544.3062715291602,544.3062715291602,544.3062715291602,544.3062715291602,544.3062715291602,159.46472798705864,159.46472798705864,159.46472798705864,159.46472798705864,159.46472798705864,10240,10240,10240,2147483648000,0.6291456,,,,,,,,,,,,,,,,,,,,,,,,,,,,,
,,,,,,,,,,,,,,,microbenchmark,naive_matmul,2026-06-04T17:56:02.052972+00:00Z,2026-06-04T17:56:04.075106+00:00Z,554.4286166117814,554.4286166117814,554.4286166117814,554.4286166117814,554.4286166117814,147.6638716118026,147.6638716118026,147.6638716118026,147.6638716118026,147.6638716118026,11264,11264,11264,2858300735488,0.761266176,,,,,,,,,,,,,,,,,,,,,,,,,,,,,
,,,,,,,,,,,,,,,microbenchmark,naive_matmul,2026-06-04T17:56:04.076103+00:00Z,2026-06-04T17:56:06.223600+00:00Z,596.4581322215855,596.4581322215855,596.4581322215855,596.4581322215855,596.4581322215855,145.61966118691052,145.61966118691052,145.61966118691052,145.61966118691052,145.61966118691052,12288,12288,12288,3710851743744,0.905969664,,,,,,,,,,,,,,,,,,,,,,,,,,,,,
,,,,,,,,,,,,,,,microbenchmark,naive_matmul,2026-06-04T17:56:06.224604+00:00Z,2026-06-04T17:56:08.471125+00:00Z,584.9511256356449,584.9511256356449,584.9511256356449,584.9511256356449,584.9511256356449,131.82492314505217,131.82492314505217,131.82492314505217,131.82492314505217,131.82492314505217,13312,13312,13312,4718021574656,1.063256064,,,,,,,,,,,,,,,,,,,,,,,,,,,,,
,,,,,,,,,,,,,,,microbenchmark,naive_matmul,2026-06-04T17:56:08.472149+00:00Z,2026-06-04T17:56:10.957880+00:00Z,616.2890420442146,616.2890420442146,616.2890420442146,616.2890420442146,616.2890420442146,128.96673591885073,128.96673591885073,128.96673591885073,128.96673591885073,128.96673591885073,14336,14336,14336,5892695130112,1.233125376,,,,,,,,,,,,,,,,,,,,,,,,,,,,,
,,,,,,,,,,,,,,,microbenchmark,naive_matmul,2026-06-04T17:56:10.958893+00:00Z,2026-06-04T17:56:13.367735+00:00Z,642.1629452728088,642.1629452728088,642.1629452728088,642.1629452728088,642.1629452728088,125.42245024859545,125.42245024859545,125.42245024859545,125.42245024859545,125.42245024859545,15360,15360,15360,7247757312000,1.4155776,,,,,,,,,,,,,,,,,,,,,,,,,,,,,
,,,,,,,,,,,,,,,microbenchmark,naive_matmul,2026-06-04T17:56:13.368743+00:00Z,2026-06-04T17:56:15.898022+00:00Z,616.012285756203,616.012285756203,616.012285756203,616.012285756203,616.012285756203,112.7952183391485,112.7952183391485,112.7952183391485,112.7952183391485,112.7952183391485,16384,16384,16384,8796093022208,1.610612736,,,,,,,,,,,,,,,,,,,,,,,,,,,,,
,,,,,,,,,,,,,,,microbenchmark,naive_matmul,2026-06-04T17:56:15.899027+00:00Z,2026-06-04T17:56:18.544307+00:00Z,602.7227591874175,602.7227591874175,602.7227591874175,602.7227591874175,602.7227591874175,103.86996079746395,103.86996079746395,103.86996079746395,103.86996079746395,103.86996079746395,17408,17408,17408,10550587162624,1.818230784,,,,,,,,,,,,,,,,,,,,,,,,,,,,,
,,,,,,,,,,,,,,,microbenchmark,naive_matmul,2026-06-04T17:56:18.545318+00:00Z,2026-06-04T17:56:21.142081+00:00Z,652.6321221600447,652.6321221600447,652.6321221600447,652.6321221600447,652.6321221600447,106.22267613281977,106.22267613281977,106.22267613281977,106.22267613281977,106.22267613281977,18432,18432,18432,12524124635136,2.038431744,,,,,,,,,,,,,,,,,,,,,,,,,,,,,
,,,,,,,,,,,,,,,microbenchmark,naive_matmul,2026-06-04T17:56:21.143102+00:00Z,2026-06-04T17:56:23.892060+00:00Z,617.128319493032,617.128319493032,617.128319493032,617.128319493032,617.128319493032,95.15753281656538,95.15753281656538,95.15753281656538,95.15753281656538,95.15753281656538,19456,19456,19456,14729590341632,2.271215616,,,,,,,,,,,,,,,,,,,,,,,,,,,,,
,,,,,,,,,,,,,,,microbenchmark,naive_matmul,2026-06-04T17:56:23.893082+00:00Z,2026-06-04T17:56:26.786235+00:00Z,627.204123021926,627.204123021926,627.204123021926,627.204123021926,627.204123021926,91.87560395828993,91.87560395828993,91.87560395828993,91.87560395828993,91.87560395828993,20480,20480,20480,17179869184000,2.5165824,,,,,,,,,,,,,,,,,,,,,,,,,,,,,
,,,,,,,,,,,,,,,microbenchmark,naive_matmul,2026-06-04T17:56:26.787270+00:00Z,2026-06-04T17:56:29.744519+00:00Z,631.5791198806178,631.5791198806178,631.5791198806178,631.5791198806178,631.5791198806178,88.11092632263083,88.11092632263083,88.11092632263083,88.11092632263083,88.11092632263083,21504,21504,21504,19887846064128,2.774532096,,,,,,,,,,,,,,,,,,,,,,,,,,,,,
,,,,,,,,,,,,,,,microbenchmark,naive_matmul,2026-06-04T17:56:29.745537+00:00Z,2026-06-04T17:56:32.854433+00:00Z,637.4865278648549,637.4865278648549,637.4865278648549,637.4865278648549,637.4865278648549,84.89255964109395,84.89255964109395,84.89255964109395,84.89255964109395,84.89255964109395,22528,22528,22528,22866405883904,3.045064704,,,,,,,,,,,,,,,,,,,,,,,,,,,,,
,,,,,,,,,,,,,,,microbenchmark,naive_matmul,2026-06-04T17:56:32.855472+00:00Z,2026-06-04T17:56:36.112701+00:00Z,621.9407611000355,621.9407611000355,621.9407611000355,621.9407611000355,621.9407611000355,79.22139450153304,79.22139450153304,79.22139450153304,79.22139450153304,79.22139450153304,23552,23552,23552,26128433545216,3.328180224,,,,,,,,,,,,,,,,,,,,,,,,,,,,,
,,,,,,,,,,,,,,,microbenchmark,naive_matmul,2026-06-04T17:56:36.113730+00:00Z,2026-06-04T17:56:39.357395+00:00Z,700.1390911999417,700.1390911999417,700.1390911999417,700.1390911999417,700.1390911999417,85.46619765624288,85.46619765624288,85.46619765624288,85.46619765624288,85.46619765624288,24576,24576,24576,29686813949952,3.623878656,,,,,,,,,,,,,,,,,,,,,,,,,,,,,
,,,,,,,,,,,,,,,microbenchmark,naive_matmul,2026-06-04T17:56:39.358418+00:00Z,2026-06-04T17:56:42.840985+00:00Z,656.430456014465,656.430456014465,656.430456014465,656.430456014465,656.430456014465,76.92544406419512,76.92544406419512,76.92544406419512,76.92544406419512,76.92544406419512,25600,25600,25600,33554432000000,3.93216,,,,,,,,,,,,,,,,,,,,,,,,,,,,,
,,,,,,,,,,,,,,,microbenchmark,naive_matmul,2026-06-04T17:56:42.842010+00:00Z,2026-06-04T17:56:46.355086+00:00Z,640.6516169242565,640.6516169242565,640.6516169242565,640.6516169242565,640.6516169242565,72.18880899837626,72.18880899837626,72.18880899837626,72.18880899837626,72.18880899837626,26624,26624,26624,37744172597248,4.253024256,,,,,,,,,,,,,,,,,,,,,,,,,,,,,
,,,,,,,,,,,,,,,microbenchmark,naive_matmul,2026-06-04T17:56:46.356122+00:00Z,2026-06-04T17:56:50.047140+00:00Z,659.1213559044644,659.1213559044644,659.1213559044644,659.1213559044644,659.1213559044644,71.5192443472726,71.5192443472726,71.5192443472726,71.5192443472726,71.5192443472726,27648,27648,27648,42268920643584,4.586471424,,,,,,,,,,,,,,,,,,,,,,,,,,,,,
,,,,,,,,,,,,,,,microbenchmark,naive_matmul,2026-06-04T17:56:50.048161+00:00Z,2026-06-04T17:56:53.807924+00:00Z,647.3378992516732,647.3378992516732,647.3378992516732,647.3378992516732,647.3378992516732,67.73206256121023,67.73206256121023,67.73206256121023,67.73206256121023,67.73206256121023,28672,28672,28672,47141561040896,4.932501504,,,,,,,,,,,,,,,,,,,,,,,,,,,,,
,,,,,,,,,,,,,,,microbenchmark,naive_matmul,2026-06-04T17:56:53.808971+00:00Z,2026-06-04T17:56:57.890711+00:00Z,636.4889871579963,636.4889871579963,636.4889871579963,636.4889871579963,636.4889871579963,64.30047688153249,64.30047688153249,64.30047688153249,64.30047688153249,64.30047688153249,29696,29696,29696,52374978691072,5.291114496,,,,,,,,,,,,,,,,,,,,,,,,,,,,,
,,,,,,,,,,,,,,,microbenchmark,single_host_naive_matmul,2026-06-04T17:56:57.902424+00:00Z,2026-06-04T17:56:58.340149+00:00Z,11.683170943929836,11.683170943929836,11.683170943929836,11.683170943929836,11.683170943929836,34.22803987479444,34.22803987479444,34.22803987479444,34.22803987479444,34.22803987479444,1024,1024,1024,2147483648,0.006291456,,,,,,,,,,,,,,,,,,,,,,,,,,,,,
,,,,,,,,,,,,,,,microbenchmark,single_host_naive_matmul,2026-06-04T17:56:58.341124+00:00Z,2026-06-04T17:56:59.344886+00:00Z,91.97424521472362,91.97424521472362,91.97424521472362,91.97424521472362,91.97424521472362,134.72789826375532,134.72789826375532,134.72789826375532,134.72789826375532,134.72789826375532,2048,2048,2048,17179869184,0.025165824,,,,,,,,,,,,,,,,,,,,,,,,,,,,,
,,,,,,,,,,,,,,,microbenchmark,single_host_naive_matmul,2026-06-04T17:56:59.345856+00:00Z,2026-06-04T17:57:01.215126+00:00Z,258.7907098586474,258.7907098586474,258.7907098586474,258.7907098586474,258.7907098586474,252.72530259633535,252.72530259633535,252.72530259633535,252.72530259633535,252.72530259633535,3072,3072,3072,57982058496,0.056623104,,,,,,,,,,,,,,,,,,,,,,,,,,,,,
,,,,,,,,,,,,,,,microbenchmark,single_host_naive_matmul,2026-06-04T17:57:01.216094+00:00Z,2026-06-04T17:57:03.209300+00:00Z,419.5072134734376,419.5072134734376,419.5072134734376,419.5072134734376,419.5072134734376,307.2562598682404,307.2562598682404,307.2562598682404,307.2562598682404,307.2562598682404,4096,4096,4096,137438953472,0.100663296,,,,,,,,,,,,,,,,,,,,,,,,,,,,,
,,,,,,,,,,,,,,,microbenchmark,single_host_naive_matmul,2026-06-04T17:57:03.210283+00:00Z,2026-06-04T17:57:05.036611+00:00Z,564.082238601208,564.082238601208,564.082238601208,564.082238601208,564.082238601208,330.5169366803953,330.5169366803953,330.5169366803953,330.5169366803953,330.5169366803953,5120,5120,5120,268435456000,0.1572864,,,,,,,,,,,,,,,,,,,,,,,,,,,,,
,,,,,,,,,,,,,,,microbenchmark,single_host_naive_matmul,2026-06-04T17:57:05.037583+00:00Z,2026-06-04T17:57:07.122027+00:00Z,645.5640162404181,645.5640162404181,645.5640162404181,645.5640162404181,645.5640162404181,315.2168048048917,315.2168048048917,315.2168048048917,315.2168048048917,315.2168048048917,6144,6144,6144,463856467968,0.226492416,,,,,,,,,,,,,,,,,,,,,,,,,,,,,
,,,,,,,,,,,,,,,microbenchmark,single_host_naive_matmul,2026-06-04T17:57:07.123000+00:00Z,2026-06-04T17:57:08.700747+00:00Z,432.15010609795627,432.15010609795627,432.15010609795627,432.15010609795627,432.15010609795627,180.86639485126517,180.86639485126517,180.86639485126517,180.86639485126517,180.86639485126517,7168,7168,7168,736586891264,0.308281344,,,,,,,,,,,,,,,,,,,,,,,,,,,,,
,,,,,,,,,,,,,,,microbenchmark,single_host_naive_matmul,2026-06-04T17:57:08.701595+00:00Z,2026-06-04T17:57:10.154246+00:00Z,696.0216266271303,696.0216266271303,696.0216266271303,696.0216266271303,696.0216266271303,254.89073240739637,254.89073240739637,254.89073240739637,254.89073240739637,254.89073240739637,8192,8192,8192,1099511627776,0.402653184,,,,,,,,,,,,,,,,,,,,,,,,,,,,,
,,,,,,,,,,,,,,,microbenchmark,single_host_naive_matmul,2026-06-04T17:57:10.155098+00:00Z,2026-06-04T17:57:11.875263+00:00Z,730.4983060451633,730.4983060451633,730.4983060451633,730.4983060451633,730.4983060451633,237.7924173324099,237.7924173324099,237.7924173324099,237.7924173324099,237.7924173324099,9216,9216,9216,1565515579392,0.509607936,,,,,,,,,,,,,,,,,,,,,,,,,,,,,
,,,,,,,,,,,,,,,microbenchmark,single_host_naive_matmul,2026-06-04T17:57:11.876259+00:00Z,2026-06-04T17:57:13.670893+00:00Z,707.0696465199542,707.0696465199542,707.0696465199542,707.0696465199542,707.0696465199542,207.14931050389282,207.14931050389282,207.14931050389282,207.14931050389282,207.14931050389282,10240,10240,10240,2147483648000,0.6291456,,,,,,,,,,,,,,,,,,,,,,,,,,,,,
,,,,,,,,,,,,,,,microbenchmark,single_host_naive_matmul,2026-06-04T17:57:13.671904+00:00Z,2026-06-04T17:57:15.522205+00:00Z,568.4564403982481,568.4564403982481,568.4564403982481,568.4564403982481,568.4564403982481,151.39997524811298,151.39997524811298,151.39997524811298,151.39997524811298,151.39997524811298,11264,11264,11264,2858300735488,0.761266176,,,,,,,,,,,,,,,,,,,,,,,,,,,,,
,,,,,,,,,,,,,,,microbenchmark,single_host_naive_matmul,2026-06-04T17:57:15.523211+00:00Z,2026-06-04T17:57:17.515206+00:00Z,780.2334114131459,780.2334114131459,780.2334114131459,780.2334114131459,780.2334114131459,190.48667270828756,190.48667270828756,190.48667270828756,190.48667270828756,190.48667270828756,12288,12288,12288,3710851743744,0.905969664,,,,,,,,,,,,,,,,,,,,,,,,,,,,,
,,,,,,,,,,,,,,,microbenchmark,single_host_naive_matmul,2026-06-04T17:57:17.516214+00:00Z,2026-06-04T17:57:19.589304+00:00Z,733.1312712131694,733.1312712131694,733.1312712131694,733.1312712131694,733.1312712131694,165.21888624094862,165.21888624094862,165.21888624094862,165.21888624094862,165.21888624094862,13312,13312,13312,4718021574656,1.063256064,,,,,,,,,,,,,,,,,,,,,,,,,,,,,
,,,,,,,,,,,,,,,microbenchmark,single_host_naive_matmul,2026-06-04T17:57:19.590320+00:00Z,2026-06-04T17:57:21.879485+00:00Z,774.0786149692141,774.0786149692141,774.0786149692141,774.0786149692141,774.0786149692141,161.9863173066157,161.9863173066157,161.9863173066157,161.9863173066157,161.9863173066157,14336,14336,14336,5892695130112,1.233125376,,,,,,,,,,,,,,,,,,,,,,,,,,,,,
,,,,,,,,,,,,,,,microbenchmark,single_host_naive_matmul,2026-06-04T17:57:21.880512+00:00Z,2026-06-04T17:57:24.111263+00:00Z,730.6996594172181,730.6996594172181,730.6996594172181,730.6996594172181,730.6996594172181,142.71477722992543,142.71477722992543,142.71477722992543,142.71477722992543,142.71477722992543,15360,15360,15360,7247757312000,1.4155776,,,,,,,,,,,,,,,,,,,,,,,,,,,,,
,,,,,,,,,,,,,,,microbenchmark,single_host_naive_matmul,2026-06-04T17:57:24.112300+00:00Z,2026-06-04T17:57:26.460333+00:00Z,710.4465162551626,710.4465162551626,710.4465162551626,710.4465162551626,710.4465162551626,130.08664238070605,130.08664238070605,130.08664238070605,130.08664238070605,130.08664238070605,16384,16384,16384,8796093022208,1.610612736,,,,,,,,,,,,,,,,,,,,,,,,,,,,,
,,,,,,,,,,,,,,,microbenchmark,single_host_naive_matmul,2026-06-04T17:57:26.461361+00:00Z,2026-06-04T17:57:28.903486+00:00Z,723.2718065442335,723.2718065442335,723.2718065442335,723.2718065442335,723.2718065442335,124.64472769029759,124.64472769029759,124.64472769029759,124.64472769029759,124.64472769029759,17408,17408,17408,10550587162624,1.818230784,,,,,,,,,,,,,,,,,,,,,,,,,,,,,
,,,,,,,,,,,,,,,microbenchmark,single_host_naive_matmul,2026-06-04T17:57:28.904522+00:00Z,2026-06-04T17:57:31.299509+00:00Z,793.7721219764809,793.7721219764809,793.7721219764809,793.7721219764809,793.7721219764809,129.19468131127618,129.19468131127618,129.19468131127618,129.19468131127618,129.19468131127618,18432,18432,18432,12524124635136,2.038431744,,,,,,,,,,,,,,,,,,,,,,,,,,,,,
,,,,,,,,,,,,,,,microbenchmark,single_host_naive_matmul,2026-06-04T17:57:31.300537+00:00Z,2026-06-04T17:57:33.856140+00:00Z,694.1523947223915,694.1523947223915,694.1523947223915,694.1523947223915,694.1523947223915,107.0341891533293,107.0341891533293,107.0341891533293,107.0341891533293,107.0341891533293,19456,19456,19456,14729590341632,2.271215616,,,,,,,,,,,,,,,,,,,,,,,,,,,,,
,,,,,,,,,,,,,,,microbenchmark,single_host_naive_matmul,2026-06-04T17:57:33.857133+00:00Z,2026-06-04T17:57:36.527254+00:00Z,714.5106822532656,714.5106822532656,714.5106822532656,714.5106822532656,714.5106822532656,104.6646507206932,104.6646507206932,104.6646507206932,104.6646507206932,104.6646507206932,20480,20480,20480,17179869184000,2.5165824,,,,,,,,,,,,,,,,,,,,,,,,,,,,,
,,,,,,,,,,,,,,,microbenchmark,single_host_naive_matmul,2026-06-04T17:57:36.528276+00:00Z,2026-06-04T17:57:39.288026+00:00Z,731.2067531813763,731.2067531813763,731.2067531813763,731.2067531813763,731.2067531813763,102.00987070052682,102.00987070052682,102.00987070052682,102.00987070052682,102.00987070052682,21504,21504,21504,19887846064128,2.774532096,,,,,,,,,,,,,,,,,,,,,,,,,,,,,
,,,,,,,,,,,,,,,microbenchmark,single_host_naive_matmul,2026-06-04T17:57:39.289027+00:00Z,2026-06-04T17:57:42.208967+00:00Z,731.3219538575504,731.3219538575504,731.3219538575504,731.3219538575504,731.3219538575504,97.38839939509282,97.38839939509282,97.38839939509282,97.38839939509282,97.38839939509282,22528,22528,22528,22866405883904,3.045064704,,,,,,,,,,,,,,,,,,,,,,,,,,,,,
,,,,,,,,,,,,,,,microbenchmark,single_host_naive_matmul,2026-06-04T17:57:42.209982+00:00Z,2026-06-04T17:57:45.224340+00:00Z,706.8488247062244,706.8488247062244,706.8488247062244,706.8488247062244,706.8488247062244,90.03678983180508,90.03678983180508,90.03678983180508,90.03678983180508,90.03678983180508,23552,23552,23552,26128433545216,3.328180224,,,,,,,,,,,,,,,,,,,,,,,,,,,,,
,,,,,,,,,,,,,,,microbenchmark,single_host_naive_matmul,2026-06-04T17:57:45.225352+00:00Z,2026-06-04T17:57:48.232532+00:00Z,808.8536599601039,808.8536599601039,808.8536599601039,808.8536599601039,808.8536599601039,98.73701903809861,98.73701903809861,98.73701903809861,98.73701903809861,98.73701903809861,24576,24576,24576,29686813949952,3.623878656,,,,,,,,,,,,,,,,,,,,,,,,,,,,,
,,,,,,,,,,,,,,,microbenchmark,single_host_naive_matmul,2026-06-04T17:57:48.233554+00:00Z,2026-06-04T17:57:51.481819+00:00Z,736.8877332107621,736.8877332107621,736.8877332107621,736.8877332107621,736.8877332107621,86.35403123563619,86.35403123563619,86.35403123563619,86.35403123563619,86.35403123563619,25600,25600,25600,33554432000000,3.93216,,,,,,,,,,,,,,,,,,,,,,,,,,,,,
,,,,,,,,,,,,,,,microbenchmark,single_host_naive_matmul,2026-06-04T17:57:51.482850+00:00Z,2026-06-04T17:57:54.759324+00:00Z,724.2687981624924,724.2687981624924,724.2687981624924,724.2687981624924,724.2687981624924,81.61081710064143,81.61081710064143,81.61081710064143,81.61081710064143,81.61081710064143,26624,26624,26624,37744172597248,4.253024256,,,,,,,,,,,,,,,,,,,,,,,,,,,,,
,,,,,,,,,,,,,,,microbenchmark,single_host_naive_matmul,2026-06-04T17:57:54.760368+00:00Z,2026-06-04T17:57:58.190448+00:00Z,731.1765980757496,731.1765980757496,731.1765980757496,731.1765980757496,731.1765980757496,79.33773850648323,79.33773850648323,79.33773850648323,79.33773850648323,79.33773850648323,27648,27648,27648,42268920643584,4.586471424,,,,,,,,,,,,,,,,,,,,,,,,,,,,,
,,,,,,,,,,,,,,,microbenchmark,single_host_naive_matmul,2026-06-04T17:57:58.191494+00:00Z,2026-06-04T17:58:01.659585+00:00Z,726.0562060714252,726.0562060714252,726.0562060714252,726.0562060714252,726.0562060714252,75.96849254374567,75.96849254374567,75.96849254374567,75.96849254374567,75.96849254374567,28672,28672,28672,47141561040896,4.932501504,,,,,,,,,,,,,,,,,,,,,,,,,,,,,
,,,,,,,,,,,,,,,microbenchmark,single_host_naive_matmul,2026-06-04T17:58:01.660491+00:00Z,2026-06-04T17:58:05.424795+00:00Z,698.6518207457539,698.6518207457539,698.6518207457539,698.6518207457539,698.6518207457539,70.58039676176124,70.58039676176124,70.58039676176124,70.58039676176124,70.58039676176124,29696,29696,29696,52374978691072,5.291114496,,,,,,,,,,,,,,,,,,,,,,,,,,,,,
,,,,,,,,,,,,,,,microbenchmark,single_host_naive_matmul,2026-06-04T17:58:05.425689+00:00Z,2026-06-04T17:58:09.345642+00:00Z,743.4151945257665,743.4151945257665,743.4151945257665,743.4151945257665,743.4151945257665,72.59914009040689,72.59914009040689,72.59914009040689,72.59914009040689,72.59914009040689,30720,30720,30720,57982058496000,5.6623104,,,,,,,,,,,,,,,,,,,,,,,,,,,,,
,,,,,,,,,,,,,,,microbenchmark,single_host_naive_matmul,2026-06-04T17:58:09.346691+00:00Z,2026-06-04T17:58:13.503611+00:00Z,735.3917824591962,735.3917824591962,735.3917824591962,735.3917824591962,735.3917824591962,69.49897137656214,69.49897137656214,69.49897137656214,69.49897137656214,69.49897137656214,31744,31744,31744,63975685357568,6.046089216,,,,,,,,,,,,,,,,,,,,,,,,,,,,,
,,,,,,,,,,,,,,,microbenchmark,single_host_naive_matmul,2026-06-04T17:58:13.504642+00:00Z,2026-06-04T17:58:17.714231+00:00Z,724.4877383099313,724.4877383099313,724.4877383099313,724.4877383099313,724.4877383099313,66.32883346343365,66.32883346343365,66.32883346343365,66.32883346343365,66.32883346343365,32768,32768,32768,70368744177664,6.442450944,,,,,,,,,,,,,,,,,,,,,,,,,,,,,
,,,,,,,,,,,,,,,microbenchmark,multilayer_collective_matmul,2026-06-04T17:58:17.726618+00:00Z,2026-06-04T17:58:18.398112+00:00Z,15.90964332111285,15.90964332111285,15.90964332111285,15.90964332111285,15.90964332111285,,,,,,1024,1024,1024,4294967296,,,,,,,,,,,,,,,,,,,,,,,,,,,,,,
,,,,,,,,,,,,,,,microbenchmark,multilayer_collective_matmul,2026-06-04T17:58:18.398909+00:00Z,2026-06-04T17:58:21.083752+00:00Z,86.63793440132527,86.63793440132527,86.63793440132527,86.63793440132527,86.63793440132527,,,,,,2048,2048,2048,34359738368,,,,,,,,,,,,,,,,,,,,,,,,,,,,,,
,,,,,,,,,,,,,,,microbenchmark,multilayer_collective_matmul,2026-06-04T17:58:21.084543+00:00Z,2026-06-04T17:58:24.620893+00:00Z,209.95098444273916,209.95098444273916,209.95098444273916,209.95098444273916,209.95098444273916,,,,,,3072,3072,3072,115964116992,,,,,,,,,,,,,,,,,,,,,,,,,,,,,,
,,,,,,,,,,,,,,,microbenchmark,multilayer_collective_matmul,2026-06-04T17:58:24.621676+00:00Z,2026-06-04T17:58:28.752822+00:00Z,312.8874781394775,312.8874781394775,312.8874781394775,312.8874781394775,312.8874781394775,,,,,,4096,4096,4096,274877906944,,,,,,,,,,,,,,,,,,,,,,,,,,,,,,
,,,,,,,,,,,,,,,microbenchmark,multilayer_collective_matmul,2026-06-04T17:58:28.753610+00:00Z,2026-06-04T17:58:31.804879+00:00Z,368.7401521044906,368.7401521044906,368.7401521044906,368.7401521044906,368.7401521044906,,,,,,5120,5120,5120,536870912000,,,,,,,,,,,,,,,,,,,,,,,,,,,,,,
,,,,,,,,,,,,,,,microbenchmark,multilayer_collective_matmul,2026-06-04T17:58:31.805686+00:00Z,2026-06-04T17:58:35.056851+00:00Z,441.58091847112826,441.58091847112826,441.58091847112826,441.58091847112826,441.58091847112826,,,,,,6144,6144,6144,927712935936,,,,,,,,,,,,,,,,,,,,,,,,,,,,,,
,,,,,,,,,,,,,,,microbenchmark,multilayer_collective_matmul,2026-06-04T17:58:35.057654+00:00Z,2026-06-04T17:58:38.301309+00:00Z,448.13019195114487,448.13019195114487,448.13019195114487,448.13019195114487,448.13019195114487,,,,,,7168,7168,7168,1473173782528,,,,,,,,,,,,,,,,,,,,,,,,,,,,,,
,,,,,,,,,,,,,,,microbenchmark,multilayer_collective_matmul,2026-06-04T17:58:38.302122+00:00Z,2026-06-04T17:58:42.137678+00:00Z,496.25023740129734,496.25023740129734,496.25023740129734,496.25023740129734,496.25023740129734,,,,,,8192,8192,8192,2199023255552,,,,,,,,,,,,,,,,,,,,,,,,,,,,,,
,,,,,,,,,,,,,,,microbenchmark,multilayer_collective_matmul,2026-06-04T17:58:42.138527+00:00Z,2026-06-04T17:58:46.384866+00:00Z,531.2001319592549,531.2001319592549,531.2001319592549,531.2001319592549,531.2001319592549,,,,,,9216,9216,9216,3131031158784,,,,,,,,,,,,,,,,,,,,,,,,,,,,,,
,,,,,,,,,,,,,,,microbenchmark,multilayer_collective_matmul,2026-06-04T17:58:46.385692+00:00Z,2026-06-04T17:58:51.014672+00:00Z,539.9772662228364,539.9772662228364,539.9772662228364,539.9772662228364,539.9772662228364,,,,,,10240,10240,10240,4294967296000,,,,,,,,,,,,,,,,,,,,,,,,,,,,,,
,,,,,,,,,,,,,,,microbenchmark,multilayer_collective_matmul,2026-06-04T17:58:51.015506+00:00Z,2026-06-04T17:58:56.186155+00:00Z,548.3341757457223,548.3341757457223,548.3341757457223,548.3341757457223,548.3341757457223,,,,,,11264,11264,11264,5716601470976,,,,,,,,,,,,,,,,,,,,,,,,,,,,,,
,,,,,,,,,,,,,,,microbenchmark,multilayer_collective_matmul,2026-06-04T17:58:56.187008+00:00Z,2026-06-04T17:59:01.934856+00:00Z,591.2969662028844,591.2969662028844,591.2969662028844,591.2969662028844,591.2969662028844,,,,,,12288,12288,12288,7421703487488,,,,,,,,,,,,,,,,,,,,,,,,,,,,,,
,,,,,,,,,,,,,,,microbenchmark,multilayer_collective_matmul,2026-06-04T17:59:01.935682+00:00Z,2026-06-04T17:59:08.044737+00:00Z,533.0614153866711,533.0614153866711,533.0614153866711,533.0614153866711,533.0614153866711,,,,,,13312,13312,13312,9436043149312,,,,,,,,,,,,,,,,,,,,,,,,,,,,,,
,,,,,,,,,,,,,,,microbenchmark,multilayer_collective_matmul,2026-06-04T17:59:08.045583+00:00Z,2026-06-04T17:59:14.450282+00:00Z,587.7125156056517,587.7125156056517,587.7125156056517,587.7125156056517,587.7125156056517,,,,,,14336,14336,14336,11785390260224,,,,,,,,,,,,,,,,,,,,,,,,,,,,,,
,,,,,,,,,,,,,,,microbenchmark,multilayer_collective_matmul,2026-06-04T17:59:14.451127+00:00Z,2026-06-04T17:59:20.819054+00:00Z,590.469249109939,590.469249109939,590.469249109939,590.469249109939,590.469249109939,,,,,,15360,15360,15360,14495514624000,,,,,,,,,,,,,,,,,,,,,,,,,,,,,,
,,,,,,,,,,,,,,,microbenchmark,multilayer_collective_matmul,2026-06-04T17:59:20.819906+00:00Z,2026-06-04T17:59:27.732112+00:00Z,570.6149648994458,570.6149648994458,570.6149648994458,570.6149648994458,570.6149648994458,,,,,,16384,16384,16384,17592186044416,,,,,,,,,,,,,,,,,,,,,,,,,,,,,,
,,,,,,,,,,,,,,,microbenchmark,multilayer_collective_matmul,2026-06-04T17:59:27.732963+00:00Z,2026-06-04T17:59:35.174696+00:00Z,587.5342125842409,587.5342125842409,587.5342125842409,587.5342125842409,587.5342125842409,,,,,,17408,17408,17408,21101174325248,,,,,,,,,,,,,,,,,,,,,,,,,,,,,,
,,,,,,,,,,,,,,,microbenchmark,multilayer_collective_matmul,2026-06-04T17:59:35.175553+00:00Z,2026-06-04T17:59:42.250751+00:00Z,641.3868975496102,641.3868975496102,641.3868975496102,641.3868975496102,641.3868975496102,,,,,,18432,18432,18432,25048249270272,,,,,,,,,,,,,,,,,,,,,,,,,,,,,,
,,,,,,,,,,,,,,,microbenchmark,multilayer_collective_matmul,2026-06-04T17:59:42.251609+00:00Z,2026-06-04T17:59:50.152731+00:00Z,585.2067010813171,585.2067010813171,585.2067010813171,585.2067010813171,585.2067010813171,,,,,,19456,19456,19456,29459180683264,,,,,,,,,,,,,,,,,,,,,,,,,,,,,,
,,,,,,,,,,,,,,,microbenchmark,multilayer_collective_matmul,2026-06-04T17:59:50.153590+00:00Z,2026-06-04T17:59:58.526459+00:00Z,599.7901655422884,599.7901655422884,599.7901655422884,599.7901655422884,599.7901655422884,,,,,,20480,20480,20480,34359738368000,,,,,,,,,,,,,,,,,,,,,,,,,,,,,,
,,,,,,,,,,,,,,,microbenchmark,multilayer_collective_matmul,2026-06-04T17:59:58.527329+00:00Z,2026-06-04T18:00:06.736288+00:00Z,619.4216368506255,619.4216368506255,619.4216368506255,619.4216368506255,619.4216368506255,,,,,,21504,21504,21504,39775692128256,,,,,,,,,,,,,,,,,,,,,,,,,,,,,,
,,,,,,,,,,,,,,,microbenchmark,multilayer_collective_matmul,2026-06-04T18:00:06.737170+00:00Z,2026-06-04T18:00:15.830719+00:00Z,607.5195101814405,607.5195101814405,607.5195101814405,607.5195101814405,607.5195101814405,,,,,,22528,22528,22528,45732811767808,,,,,,,,,,,,,,,,,,,,,,,,,,,,,,
,,,,,,,,,,,,,,,microbenchmark,multilayer_collective_matmul,2026-06-04T18:00:15.831577+00:00Z,2026-06-04T18:00:25.334470+00:00Z,603.3139959214305,603.3139959214305,603.3139959214305,603.3139959214305,603.3139959214305,,,,,,23552,23552,23552,52256867090432,,,,,,,,,,,,,,,,,,,,,,,,,,,,,,
,,,,,,,,,,,,,,,microbenchmark,multilayer_collective_matmul,2026-06-04T18:00:25.335349+00:00Z,2026-06-04T18:00:34.750849+00:00Z,676.7355376592725,676.7355376592725,676.7355376592725,676.7355376592725,676.7355376592725,,,,,,24576,24576,24576,59373627899904,,,,,,,,,,,,,,,,,,,,,,,,,,,,,,
,,,,,,,,,,,,,,,microbenchmark,multilayer_collective_matmul,2026-06-04T18:00:34.751696+00:00Z,2026-06-04T18:00:44.847501+00:00Z,628.8003571697466,628.8003571697466,628.8003571697466,628.8003571697466,628.8003571697466,,,,,,25600,25600,25600,67108864000000,,,,,,,,,,,,,,,,,,,,,,,,,,,,,,
,,,,,,,,,,,,,,,microbenchmark,multilayer_collective_matmul,2026-06-04T18:00:44.848391+00:00Z,2026-06-04T18:00:55.061371+00:00Z,627.119832951389,627.119832951389,627.119832951389,627.119832951389,627.119832951389,,,,,,26624,26624,26624,75488345194496,,,,,,,,,,,,,,,,,,,,,,,,,,,,,,
,,,,,,,,,,,,,,,microbenchmark,multilayer_collective_matmul,2026-06-04T18:00:55.062242+00:00Z,2026-06-04T18:01:05.777112+00:00Z,635.7647618632279,635.7647618632279,635.7647618632279,635.7647618632279,635.7647618632279,,,,,,27648,27648,27648,84537841287168,,,,,,,,,,,,,,,,,,,,,,,,,,,,,,
,,,,,,,,,,,,,,,microbenchmark,multilayer_collective_matmul,2026-06-04T18:01:05.777990+00:00Z,2026-06-04T18:01:16.712855+00:00Z,634.2112182599942,634.2112182599942,634.2112182599942,634.2112182599942,634.2112182599942,,,,,,28672,28672,28672,94283122081792,,,,,,,,,,,,,,,,,,,,,,,,,,,,,,
,,,,,,,,,,,,,,,microbenchmark,multilayer_collective_matmul,2026-06-04T18:01:16.713716+00:00Z,2026-06-04T18:01:28.293679+00:00Z,618.6760825097401,618.6760825097401,618.6760825097401,618.6760825097401,618.6760825097401,,,,,,29696,29696,29696,104749957382144,,,,,,,,,,,,,,,,,,,,,,,,,,,,,,
,,,,,,,,,,,,,,,microbenchmark,collective_matmul_one_direction,2026-06-04T18:01:28.303505+00:00Z,2026-06-04T18:01:28.541398+00:00Z,9.198507823437941,9.198507823437941,9.198507823437941,9.198507823437941,9.198507823437941,,,,,,1024,1024,1024,2147483648,,,,,,,,,,,,,,,,,,,,,,,,,,,,,,
,,,,,,,,,,,,,,,microbenchmark,collective_matmul_one_direction,2026-06-04T18:01:28.542091+00:00Z,2026-06-04T18:01:29.584864+00:00Z,54.57565090896217,54.57565090896217,54.57565090896217,54.57565090896217,54.57565090896217,,,,,,2048,2048,2048,17179869184,,,,,,,,,,,,,,,,,,,,,,,,,,,,,,
,,,,,,,,,,,,,,,microbenchmark,collective_matmul_one_direction,2026-06-04T18:01:29.585680+00:00Z,2026-06-04T18:01:31.306512+00:00Z,125.77998723523103,125.77998723523103,125.77998723523103,125.77998723523103,125.77998723523103,,,,,,3072,3072,3072,57982058496,,,,,,,,,,,,,,,,,,,,,,,,,,,,,,
,,,,,,,,,,,,,,,microbenchmark,collective_matmul_one_direction,2026-06-04T18:01:31.307360+00:00Z,2026-06-04T18:01:33.662111+00:00Z,244.88925790744304,244.88925790744304,244.88925790744304,244.88925790744304,244.88925790744304,,,,,,4096,4096,4096,137438953472,,,,,,,,,,,,,,,,,,,,,,,,,,,,,,
,,,,,,,,,,,,,,,microbenchmark,collective_matmul_one_direction,2026-06-04T18:01:33.662950+00:00Z,2026-06-04T18:01:36.105025+00:00Z,338.1357076954982,338.1357076954982,338.1357076954982,338.1357076954982,338.1357076954982,,,,,,5120,5120,5120,268435456000,,,,,,,,,,,,,,,,,,,,,,,,,,,,,,
,,,,,,,,,,,,,,,microbenchmark,collective_matmul_one_direction,2026-06-04T18:01:36.105876+00:00Z,2026-06-04T18:01:38.929384+00:00Z,396.3331834342802,396.3331834342802,396.3331834342802,396.3331834342802,396.3331834342802,,,,,,6144,6144,6144,463856467968,,,,,,,,,,,,,,,,,,,,,,,,,,,,,,
,,,,,,,,,,,,,,,microbenchmark,collective_matmul_one_direction,2026-06-04T18:01:38.930237+00:00Z,2026-06-04T18:01:40.410020+00:00Z,458.23914549207285,458.23914549207285,458.23914549207285,458.23914549207285,458.23914549207285,,,,,,7168,7168,7168,736586891264,,,,,,,,,,,,,,,,,,,,,,,,,,,,,,
,,,,,,,,,,,,,,,microbenchmark,collective_matmul_one_direction,2026-06-04T18:01:40.410879+00:00Z,2026-06-04T18:01:41.861912+00:00Z,471.0283677898736,471.0283677898736,471.0283677898736,471.0283677898736,471.0283677898736,,,,,,8192,8192,8192,1099511627776,,,,,,,,,,,,,,,,,,,,,,,,,,,,,,
,,,,,,,,,,,,,,,microbenchmark,collective_matmul_one_direction,2026-06-04T18:01:41.862792+00:00Z,2026-06-04T18:01:43.128434+00:00Z,455.89897096432986,455.89897096432986,455.89897096432986,455.89897096432986,455.89897096432986,,,,,,9216,9216,9216,1565515579392,,,,,,,,,,,,,,,,,,,,,,,,,,,,,,
,,,,,,,,,,,,,,,microbenchmark,collective_matmul_one_direction,2026-06-04T18:01:43.129278+00:00Z,2026-06-04T18:01:44.824513+00:00Z,489.80002716414356,489.80002716414356,489.80002716414356,489.80002716414356,489.80002716414356,,,,,,10240,10240,10240,2147483648000,,,,,,,,,,,,,,,,,,,,,,,,,,,,,,
,,,,,,,,,,,,,,,microbenchmark,collective_matmul_one_direction,2026-06-04T18:01:44.825386+00:00Z,2026-06-04T18:01:46.522033+00:00Z,519.9255765530529,519.9255765530529,519.9255765530529,519.9255765530529,519.9255765530529,,,,,,11264,11264,11264,2858300735488,,,,,,,,,,,,,,,,,,,,,,,,,,,,,,
,,,,,,,,,,,,,,,microbenchmark,collective_matmul_one_direction,2026-06-04T18:01:46.522890+00:00Z,2026-06-04T18:01:48.279208+00:00Z,574.5599499786733,574.5599499786733,574.5599499786733,574.5599499786733,574.5599499786733,,,,,,12288,12288,12288,3710851743744,,,,,,,,,,,,,,,,,,,,,,,,,,,,,,
,,,,,,,,,,,,,,,microbenchmark,collective_matmul_one_direction,2026-06-04T18:01:48.280075+00:00Z,2026-06-04T18:01:50.183997+00:00Z,568.0491027092909,568.0491027092909,568.0491027092909,568.0491027092909,568.0491027092909,,,,,,13312,13312,13312,4718021574656,,,,,,,,,,,,,,,,,,,,,,,,,,,,,,
,,,,,,,,,,,,,,,microbenchmark,collective_matmul_one_direction,2026-06-04T18:01:50.184865+00:00Z,2026-06-04T18:01:52.037891+00:00Z,549.483244545801,549.483244545801,549.483244545801,549.483244545801,549.483244545801,,,,,,14336,14336,14336,5892695130112,,,,,,,,,,,,,,,,,,,,,,,,,,,,,,
,,,,,,,,,,,,,,,microbenchmark,collective_matmul_one_direction,2026-06-04T18:01:52.038754+00:00Z,2026-06-04T18:01:53.991854+00:00Z,557.2982885826907,557.2982885826907,557.2982885826907,557.2982885826907,557.2982885826907,,,,,,15360,15360,15360,7247757312000,,,,,,,,,,,,,,,,,,,,,,,,,,,,,,
,,,,,,,,,,,,,,,microbenchmark,collective_matmul_one_direction,2026-06-04T18:01:53.992717+00:00Z,2026-06-04T18:01:55.748602+00:00Z,617.0195438998727,617.0195438998727,617.0195438998727,617.0195438998727,617.0195438998727,,,,,,16384,16384,16384,8796093022208,,,,,,,,,,,,,,,,,,,,,,,,,,,,,,
,,,,,,,,,,,,,,,microbenchmark,collective_matmul_one_direction,2026-06-04T18:01:55.749497+00:00Z,2026-06-04T18:01:57.865070+00:00Z,563.7649259399432,563.7649259399432,563.7649259399432,563.7649259399432,563.7649259399432,,,,,,17408,17408,17408,10550587162624,,,,,,,,,,,,,,,,,,,,,,,,,,,,,,
,,,,,,,,,,,,,,,microbenchmark,collective_matmul_one_direction,2026-06-04T18:01:57.865951+00:00Z,2026-06-04T18:01:59.921769+00:00Z,614.336482992693,614.336482992693,614.336482992693,614.336482992693,614.336482992693,,,,,,18432,18432,18432,12524124635136,,,,,,,,,,,,,,,,,,,,,,,,,,,,,,
,,,,,,,,,,,,,,,microbenchmark,collective_matmul_one_direction,2026-06-04T18:01:59.922647+00:00Z,2026-06-04T18:02:02.110050+00:00Z,572.4648242819469,572.4648242819469,572.4648242819469,572.4648242819469,572.4648242819469,,,,,,19456,19456,19456,14729590341632,,,,,,,,,,,,,,,,,,,,,,,,,,,,,,
,,,,,,,,,,,,,,,microbenchmark,collective_matmul_one_direction,2026-06-04T18:02:02.110803+00:00Z,2026-06-04T18:02:04.376615+00:00Z,611.4073314073403,611.4073314073403,611.4073314073403,611.4073314073403,611.4073314073403,,,,,,20480,20480,20480,17179869184000,,,,,,,,,,,,,,,,,,,,,,,,,,,,,,
,,,,,,,,,,,,,,,microbenchmark,collective_matmul_one_direction,2026-06-04T18:02:04.377357+00:00Z,2026-06-04T18:02:06.667335+00:00Z,629.5265316093416,629.5265316093416,629.5265316093416,629.5265316093416,629.5265316093416,,,,,,21504,21504,21504,19887846064128,,,,,,,,,,,,,,,,,,,,,,,,,,,,,,
,,,,,,,,,,,,,,,microbenchmark,collective_matmul_one_direction,2026-06-04T18:02:06.668080+00:00Z,2026-06-04T18:02:09.120800+00:00Z,590.0053303381712,590.0053303381712,590.0053303381712,590.0053303381712,590.0053303381712,,,,,,22528,22528,22528,22866405883904,,,,,,,,,,,,,,,,,,,,,,,,,,,,,,
,,,,,,,,,,,,,,,microbenchmark,collective_matmul_one_direction,2026-06-04T18:02:09.121545+00:00Z,2026-06-04T18:02:11.760672+00:00Z,604.6468296843403,604.6468296843403,604.6468296843403,604.6468296843403,604.6468296843403,,,,,,23552,23552,23552,26128433545216,,,,,,,,,,,,,,,,,,,,,,,,,,,,,,
,,,,,,,,,,,,,,,microbenchmark,collective_matmul_one_direction,2026-06-04T18:02:11.761557+00:00Z,2026-06-04T18:02:14.311524+00:00Z,674.7012677656868,674.7012677656868,674.7012677656868,674.7012677656868,674.7012677656868,,,,,,24576,24576,24576,29686813949952,,,,,,,,,,,,,,,,,,,,,,,,,,,,,,
,,,,,,,,,,,,,,,microbenchmark,collective_matmul_one_direction,2026-06-04T18:02:14.312415+00:00Z,2026-06-04T18:02:17.169824+00:00Z,615.1207019113001,615.1207019113001,615.1207019113001,615.1207019113001,615.1207019113001,,,,,,25600,25600,25600,33554432000000,,,,,,,,,,,,,,,,,,,,,,,,,,,,,,
,,,,,,,,,,,,,,,microbenchmark,collective_matmul_one_direction,2026-06-04T18:02:17.170697+00:00Z,2026-06-04T18:02:20.125473+00:00Z,614.7050641344421,614.7050641344421,614.7050641344421,614.7050641344421,614.7050641344421,,,,,,26624,26624,26624,37744172597248,,,,,,,,,,,,,,,,,,,,,,,,,,,,,,
,,,,,,,,,,,,,,,microbenchmark,collective_matmul_one_direction,2026-06-04T18:02:20.126379+00:00Z,2026-06-04T18:02:22.990362+00:00Z,632.8171269684411,632.8171269684411,632.8171269684411,632.8171269684411,632.8171269684411,,,,,,27648,27648,27648,42268920643584,,,,,,,,,,,,,,,,,,,,,,,,,,,,,,
,,,,,,,,,,,,,,,microbenchmark,collective_matmul_one_direction,2026-06-04T18:02:22.991118+00:00Z,2026-06-04T18:02:25.970904+00:00Z,636.306987926141,636.306987926141,636.306987926141,636.306987926141,636.306987926141,,,,,,28672,28672,28672,47141561040896,,,,,,,,,,,,,,,,,,,,,,,,,,,,,,
,,,,,,,,,,,,,,,microbenchmark,collective_matmul_one_direction,2026-06-04T18:02:25.971643+00:00Z,2026-06-04T18:02:29.319646+00:00Z,611.1001488525644,611.1001488525644,611.1001488525644,611.1001488525644,611.1001488525644,,,,,,29696,29696,29696,52374978691072,,,,,,,,,,,,,,,,,,,,,,,,,,,,,,
,,,,,,,,,,,,,,,microbenchmark,collective_matmul_two_directions,2026-06-04T18:02:29.329260+00:00Z,2026-06-04T18:02:29.581848+00:00Z,8.990177234289726,8.990177234289726,8.990177234289726,8.990177234289726,8.990177234289726,,,,,,1024,1024,1024,2147483648,,,,,,,,,,,,,,,,,,,,,,,,,,,,,,
,,,,,,,,,,,,,,,microbenchmark,collective_matmul_two_directions,2026-06-04T18:02:29.582536+00:00Z,2026-06-04T18:02:30.651746+00:00Z,59.689629707294195,59.689629707294195,59.689629707294195,59.689629707294195,59.689629707294195,,,,,,2048,2048,2048,17179869184,,,,,,,,,,,,,,,,,,,,,,,,,,,,,,
,,,,,,,,,,,,,,,microbenchmark,collective_matmul_two_directions,2026-06-04T18:02:30.652455+00:00Z,2026-06-04T18:02:32.799247+00:00Z,143.2929483851601,143.2929483851601,143.2929483851601,143.2929483851601,143.2929483851601,,,,,,3072,3072,3072,57982058496,,,,,,,,,,,,,,,,,,,,,,,,,,,,,,
,,,,,,,,,,,,,,,microbenchmark,collective_matmul_two_directions,2026-06-04T18:02:32.799962+00:00Z,2026-06-04T18:02:35.332872+00:00Z,237.54118395833348,237.54118395833348,237.54118395833348,237.54118395833348,237.54118395833348,,,,,,4096,4096,4096,137438953472,,,,,,,,,,,,,,,,,,,,,,,,,,,,,,
,,,,,,,,,,,,,,,microbenchmark,collective_matmul_two_directions,2026-06-04T18:02:35.333558+00:00Z,2026-06-04T18:02:37.949498+00:00Z,319.1636442410402,319.1636442410402,319.1636442410402,319.1636442410402,319.1636442410402,,,,,,5120,5120,5120,268435456000,,,,,,,,,,,,,,,,,,,,,,,,,,,,,,
,,,,,,,,,,,,,,,microbenchmark,collective_matmul_two_directions,2026-06-04T18:02:37.950220+00:00Z,2026-06-04T18:02:40.967176+00:00Z,368.7311948316155,368.7311948316155,368.7311948316155,368.7311948316155,368.7311948316155,,,,,,6144,6144,6144,463856467968,,,,,,,,,,,,,,,,,,,,,,,,,,,,,,
,,,,,,,,,,,,,,,microbenchmark,collective_matmul_two_directions,2026-06-04T18:02:40.967884+00:00Z,2026-06-04T18:02:43.625024+00:00Z,458.81257876806035,458.81257876806035,458.81257876806035,458.81257876806035,458.81257876806035,,,,,,7168,7168,7168,736586891264,,,,,,,,,,,,,,,,,,,,,,,,,,,,,,
,,,,,,,,,,,,,,,microbenchmark,collective_matmul_two_directions,2026-06-04T18:02:43.625900+00:00Z,2026-06-04T18:02:45.430588+00:00Z,454.11865229143956,454.11865229143956,454.11865229143956,454.11865229143956,454.11865229143956,,,,,,8192,8192,8192,1099511627776,,,,,,,,,,,,,,,,,,,,,,,,,,,,,,
,,,,,,,,,,,,,,,microbenchmark,collective_matmul_two_directions,2026-06-04T18:02:45.431298+00:00Z,2026-06-04T18:02:48.560320+00:00Z,440.89355610678024,440.89355610678024,440.89355610678024,440.89355610678024,440.89355610678024,,,,,,9216,9216,9216,1565515579392,,,,,,,,,,,,,,,,,,,,,,,,,,,,,,
,,,,,,,,,,,,,,,microbenchmark,collective_matmul_two_directions,2026-06-04T18:02:48.561053+00:00Z,2026-06-04T18:02:51.654894+00:00Z,467.31473546609874,467.31473546609874,467.31473546609874,467.31473546609874,467.31473546609874,,,,,,10240,10240,10240,2147483648000,,,,,,,,,,,,,,,,,,,,,,,,,,,,,,
,,,,,,,,,,,,,,,microbenchmark,collective_matmul_two_directions,2026-06-04T18:02:51.655612+00:00Z,2026-06-04T18:02:54.960373+00:00Z,498.5499852603865,498.5499852603865,498.5499852603865,498.5499852603865,498.5499852603865,,,,,,11264,11264,11264,2858300735488,,,,,,,,,,,,,,,,,,,,,,,,,,,,,,
,,,,,,,,,,,,,,,microbenchmark,collective_matmul_two_directions,2026-06-04T18:02:54.961125+00:00Z,2026-06-04T18:02:58.009908+00:00Z,552.3458660477579,552.3458660477579,552.3458660477579,552.3458660477579,552.3458660477579,,,,,,12288,12288,12288,3710851743744,,,,,,,,,,,,,,,,,,,,,,,,,,,,,,
,,,,,,,,,,,,,,,microbenchmark,collective_matmul_two_directions,2026-06-04T18:02:58.010795+00:00Z,2026-06-04T18:03:00.767996+00:00Z,555.5654231086012,555.5654231086012,555.5654231086012,555.5654231086012,555.5654231086012,,,,,,13312,13312,13312,4718021574656,,,,,,,,,,,,,,,,,,,,,,,,,,,,,,
,,,,,,,,,,,,,,,microbenchmark,collective_matmul_two_directions,2026-06-04T18:03:00.768882+00:00Z,2026-06-04T18:03:02.639943+00:00Z,545.3367483534387,545.3367483534387,545.3367483534387,545.3367483534387,545.3367483534387,,,,,,14336,14336,14336,5892695130112,,,,,,,,,,,,,,,,,,,,,,,,,,,,,,
,,,,,,,,,,,,,,,microbenchmark,collective_matmul_two_directions,2026-06-04T18:03:02.640828+00:00Z,2026-06-04T18:03:04.681599+00:00Z,550.3417702721935,550.3417702721935,550.3417702721935,550.3417702721935,550.3417702721935,,,,,,15360,15360,15360,7247757312000,,,,,,,,,,,,,,,,,,,,,,,,,,,,,,
,,,,,,,,,,,,,,,microbenchmark,collective_matmul_two_directions,2026-06-04T18:03:04.682341+00:00Z,2026-06-04T18:03:06.503012+00:00Z,615.7027331346419,615.7027331346419,615.7027331346419,615.7027331346419,615.7027331346419,,,,,,16384,16384,16384,8796093022208,,,,,,,,,,,,,,,,,,,,,,,,,,,,,,
,,,,,,,,,,,,,,,microbenchmark,collective_matmul_two_directions,2026-06-04T18:03:06.503756+00:00Z,2026-06-04T18:03:08.678937+00:00Z,571.0262553086087,571.0262553086087,571.0262553086087,571.0262553086087,571.0262553086087,,,,,,17408,17408,17408,10550587162624,,,,,,,,,,,,,,,,,,,,,,,,,,,,,,
,,,,,,,,,,,,,,,microbenchmark,collective_matmul_two_directions,2026-06-04T18:03:08.679677+00:00Z,2026-06-04T18:03:10.784491+00:00Z,609.3291843219257,609.3291843219257,609.3291843219257,609.3291843219257,609.3291843219257,,,,,,18432,18432,18432,12524124635136,,,,,,,,,,,,,,,,,,,,,,,,,,,,,,
,,,,,,,,,,,,,,,microbenchmark,collective_matmul_two_directions,2026-06-04T18:03:10.785257+00:00Z,2026-06-04T18:03:13.033079+00:00Z,591.043651712791,591.043651712791,591.043651712791,591.043651712791,591.043651712791,,,,,,19456,19456,19456,14729590341632,,,,,,,,,,,,,,,,,,,,,,,,,,,,,,
,,,,,,,,,,,,,,,microbenchmark,collective_matmul_two_directions,2026-06-04T18:03:13.033847+00:00Z,2026-06-04T18:03:15.399598+00:00Z,573.4373449917641,573.4373449917641,573.4373449917641,573.4373449917641,573.4373449917641,,,,,,20480,20480,20480,17179869184000,,,,,,,,,,,,,,,,,,,,,,,,,,,,,,
,,,,,,,,,,,,,,,microbenchmark,collective_matmul_two_directions,2026-06-04T18:03:15.400356+00:00Z,2026-06-04T18:03:17.747634+00:00Z,613.6822284123435,613.6822284123435,613.6822284123435,613.6822284123435,613.6822284123435,,,,,,21504,21504,21504,19887846064128,,,,,,,,,,,,,,,,,,,,,,,,,,,,,,
,,,,,,,,,,,,,,,microbenchmark,collective_matmul_two_directions,2026-06-04T18:03:17.748393+00:00Z,2026-06-04T18:03:20.262007+00:00Z,581.9512271252636,581.9512271252636,581.9512271252636,581.9512271252636,581.9512271252636,,,,,,22528,22528,22528,22866405883904,,,,,,,,,,,,,,,,,,,,,,,,,,,,,,
,,,,,,,,,,,,,,,microbenchmark,collective_matmul_two_directions,2026-06-04T18:03:20.262748+00:00Z,2026-06-04T18:03:22.974982+00:00Z,591.7512705878921,591.7512705878921,591.7512705878921,591.7512705878921,591.7512705878921,,,,,,23552,23552,23552,26128433545216,,,,,,,,,,,,,,,,,,,,,,,,,,,,,,
,,,,,,,,,,,,,,,microbenchmark,collective_matmul_two_directions,2026-06-04T18:03:22.975883+00:00Z,2026-06-04T18:03:25.586683+00:00Z,657.6243679818666,657.6243679818666,657.6243679818666,657.6243679818666,657.6243679818666,,,,,,24576,24576,24576,29686813949952,,,,,,,,,,,,,,,,,,,,,,,,,,,,,,
,,,,,,,,,,,,,,,microbenchmark,collective_matmul_two_directions,2026-06-04T18:03:25.587434+00:00Z,2026-06-04T18:03:28.492884+00:00Z,606.3804921457951,606.3804921457951,606.3804921457951,606.3804921457951,606.3804921457951,,,,,,25600,25600,25600,33554432000000,,,,,,,,,,,,,,,,,,,,,,,,,,,,,,
,,,,,,,,,,,,,,,microbenchmark,collective_matmul_two_directions,2026-06-04T18:03:28.493620+00:00Z,2026-06-04T18:03:31.505479+00:00Z,616.9355117049942,616.9355117049942,616.9355117049942,616.9355117049942,616.9355117049942,,,,,,26624,26624,26624,37744172597248,,,,,,,,,,,,,,,,,,,,,,,,,,,,,,
,,,,,,,,,,,,,,,microbenchmark,collective_matmul_two_directions,2026-06-04T18:03:31.506251+00:00Z,2026-06-04T18:03:34.442559+00:00Z,632.7793277776094,632.7793277776094,632.7793277776094,632.7793277776094,632.7793277776094,,,,,,27648,27648,27648,42268920643584,,,,,,,,,,,,,,,,,,,,,,,,,,,,,,
,,,,,,,,,,,,,,,microbenchmark,collective_matmul_two_directions,2026-06-04T18:03:34.443351+00:00Z,2026-06-04T18:03:37.487852+00:00Z,635.6549983673392,635.6549983673392,635.6549983673392,635.6549983673392,635.6549983673392,,,,,,28672,28672,28672,47141561040896,,,,,,,,,,,,,,,,,,,,,,,,,,,,,,
,,,,,,,,,,,,,,,microbenchmark,collective_matmul_two_directions,2026-06-04T18:03:37.488599+00:00Z,2026-06-04T18:03:40.891170+00:00Z,609.4901275320336,609.4901275320336,609.4901275320336,609.4901275320336,609.4901275320336,,,,,,29696,29696,29696,52374978691072,,,,,,,,,,,,,,,,,,,,,,,,,,,,,,
,,,,,,,,,,,,,,,microbenchmark,naive_attention,2026-06-04T18:03:43.015182+00:00Z,2026-06-04T18:03:43.990536+00:00Z,,,,,,,,,,,,,,,,0.17036000281223096,0.17036000281223096,0.17036000281223096,0.17036000281223096,0.17036000281223096,1,512,1024,1,True,False,,,,,,,,,,,,,,,,,,
,,,,,,,,,,,,,,,microbenchmark,naive_attention,2026-06-04T18:03:43.991357+00:00Z,2026-06-04T18:03:44.967505+00:00Z,,,,,,,,,,,,,,,,0.18461999934515916,0.18461999934515916,0.18461999934515916,0.18461999934515916,0.18461999934515916,2,512,1024,1,True,False,,,,,,,,,,,,,,,,,,
,,,,,,,,,,,,,,,microbenchmark,naive_attention,2026-06-04T18:03:44.968324+00:00Z,2026-06-04T18:03:46.546675+00:00Z,,,,,,,,,,,,,,,,0.179749997187173,0.179749997187173,0.179749997187173,0.179749997187173,0.179749997187173,4,512,1024,1,True,False,,,,,,,,,,,,,,,,,,
,,,,,,,,,,,,,,,microbenchmark,naive_attention,2026-06-04T18:03:46.547479+00:00Z,2026-06-04T18:03:49.583860+00:00Z,,,,,,,,,,,,,,,,0.19396000061533414,0.19396000061533414,0.19396000061533414,0.19396000061533414,0.19396000061533414,8,512,1024,1,True,False,,,,,,,,,,,,,,,,,,
,,,,,,,,,,,,,,,microbenchmark,naive_attention,2026-06-04T18:03:49.584653+00:00Z,2026-06-04T18:03:52.626519+00:00Z,,,,,,,,,,,,,,,,0.23720999888610095,0.23720999888610095,0.23720999888610095,0.23720999888610095,0.23720999888610095,16,512,1024,1,True,False,,,,,,,,,,,,,,,,,,
,,,,,,,,,,,,,,,microbenchmark,naive_attention,2026-06-04T18:03:52.627355+00:00Z,2026-06-04T18:04:24.746502+00:00Z,,,,,,,,,,,,,,,,0.3711399986059405,0.3711399986059405,0.3711399986059405,0.3711399986059405,0.3711399986059405,32,512,1024,1,True,False,,,,,,,,,,,,,,,,,,
,,,,,,,,,,,,,,,microbenchmark,naive_attention,2026-06-04T18:04:24.747336+00:00Z,2026-06-04T18:04:25.193550+00:00Z,,,,,,,,,,,,,,,,0.17422000018996187,0.17422000018996187,0.17422000018996187,0.17422000018996187,0.17422000018996187,2,128,1024,1,True,False,,,,,,,,,,,,,,,,,,
,,,,,,,,,,,,,,,microbenchmark,naive_attention,2026-06-04T18:04:25.194375+00:00Z,2026-06-04T18:04:25.984305+00:00Z,,,,,,,,,,,,,,,,0.1691899997240398,0.1691899997240398,0.1691899997240398,0.1691899997240398,0.1691899997240398,2,256,1024,1,True,False,,,,,,,,,,,,,,,,,,
,,,,,,,,,,,,,,,microbenchmark,naive_attention,2026-06-04T18:04:25.985114+00:00Z,2026-06-04T18:04:26.361035+00:00Z,,,,,,,,,,,,,,,,0.16712999786250293,0.16712999786250293,0.16712999786250293,0.16712999786250293,0.16712999786250293,2,512,1024,1,True,False,,,,,,,,,,,,,,,,,,
,,,,,,,,,,,,,,,microbenchmark,naive_attention,2026-06-04T18:04:26.361864+00:00Z,2026-06-04T18:04:28.589422+00:00Z,,,,,,,,,,,,,,,,0.20958000095561147,0.20958000095561147,0.20958000095561147,0.20958000095561147,0.20958000095561147,2,1024,1024,1,True,False,,,,,,,,,,,,,,,,,,
,,,,,,,,,,,,,,,microbenchmark,naive_attention,2026-06-04T18:04:28.590235+00:00Z,2026-06-04T18:04:30.982094+00:00Z,,,,,,,,,,,,,,,,0.2256499974464532,0.2256499974464532,0.2256499974464532,0.2256499974464532,0.2256499974464532,2,2048,1024,1,True,False,,,,,,,,,,,,,,,,,,
,,,,,,,,,,,,,,,microbenchmark,naive_attention,2026-06-04T18:04:30.982758+00:00Z,2026-06-04T18:04:31.544124+00:00Z,,,,,,,,,,,,,,,,0.15935999908833764,0.15935999908833764,0.15935999908833764,0.15935999908833764,0.15935999908833764,2,512,128,1,True,False,,,,,,,,,,,,,,,,,,
,,,,,,,,,,,,,,,microbenchmark,naive_attention,2026-06-04T18:04:31.544940+00:00Z,2026-06-04T18:04:32.110535+00:00Z,,,,,,,,,,,,,,,,0.17288999879383482,0.17288999879383482,0.17288999879383482,0.17288999879383482,0.17288999879383482,2,512,256,1,True,False,,,,,,,,,,,,,,,,,,
,,,,,,,,,,,,,,,microbenchmark,naive_attention,2026-06-04T18:04:32.111348+00:00Z,2026-06-04T18:04:32.992370+00:00Z,,,,,,,,,,,,,,,,0.1622099989617709,0.1622099989617709,0.1622099989617709,0.1622099989617709,0.1622099989617709,2,512,512,1,True,False,,,,,,,,,,,,,,,,,,
,,,,,,,,,,,,,,,microbenchmark,naive_attention,2026-06-04T18:04:32.993209+00:00Z,2026-06-04T18:04:33.368731+00:00Z,,,,,,,,,,,,,,,,0.16352999955415726,0.16352999955415726,0.16352999955415726,0.16352999955415726,0.16352999955415726,2,512,1024,1,True,False,,,,,,,,,,,,,,,,,,
,,,,,,,,,,,,,,,microbenchmark,naive_attention,2026-06-04T18:04:33.369572+00:00Z,2026-06-04T18:04:35.084669+00:00Z,,,,,,,,,,,,,,,,0.17079999815905467,0.17079999815905467,0.17079999815905467,0.17079999815905467,0.17079999815905467,2,512,2048,1,True,False,,,,,,,,,,,,,,,,,,
,,,,,,,,,,,,,,,microbenchmark,naive_attention,2026-06-04T18:04:35.085474+00:00Z,2026-06-04T18:04:36.692851+00:00Z,,,,,,,,,,,,,,,,0.2008600022236351,0.2008600022236351,0.2008600022236351,0.2008600022236351,0.2008600022236351,2,512,4096,1,True,False,,,,,,,,,,,,,,,,,,
,,,,,,,,,,,,,,,microbenchmark,naive_attention,2026-06-04T18:04:36.693637+00:00Z,2026-06-04T18:04:37.272960+00:00Z,,,,,,,,,,,,,,,,0.167350000992883,0.167350000992883,0.167350000992883,0.167350000992883,0.167350000992883,2,512,2048,1,True,False,,,,,,,,,,,,,,,,,,
,,,,,,,,,,,,,,,microbenchmark,naive_attention,2026-06-04T18:04:37.273798+00:00Z,2026-06-04T18:04:38.921972+00:00Z,,,,,,,,,,,,,,,,0.17063999985111877,0.17063999985111877,0.17063999985111877,0.17063999985111877,0.17063999985111877,2,512,2048,2,True,False,,,,,,,,,,,,,,,,,,
,,,,,,,,,,,,,,,microbenchmark,naive_attention,2026-06-04T18:04:38.922768+00:00Z,2026-06-04T18:04:40.583706+00:00Z,,,,,,,,,,,,,,,,0.16867000158526935,0.16867000158526935,0.16867000158526935,0.16867000158526935,0.16867000158526935,2,512,2048,4,True,False,,,,,,,,,,,,,,,,,,
,,,,,,,,,,,,,,,microbenchmark,naive_attention,2026-06-04T18:04:40.584498+00:00Z,2026-06-04T18:04:43.532054+00:00Z,,,,,,,,,,,,,,,,0.17653000031714328,0.17653000031714328,0.17653000031714328,0.17653000031714328,0.17653000031714328,2,512,2048,8,True,False,,,,,,,,,,,,,,,,,,
,,,,,,,,,,,,,,,microbenchmark,naive_attention,2026-06-04T18:04:43.532885+00:00Z,2026-06-04T18:04:46.589131+00:00Z,,,,,,,,,,,,,,,,0.19011000040336512,0.19011000040336512,0.19011000040336512,0.19011000040336512,0.19011000040336512,2,512,2048,16,True,False,,,,,,,,,,,,,,,,,,
,,,,,,,,,,,,,,,microbenchmark,naive_attention,2026-06-04T18:04:46.589953+00:00Z,2026-06-04T18:04:47.063642+00:00Z,,,,,,,,,,,,,,,,0.16809000226203352,0.16809000226203352,0.16809000226203352,0.16809000226203352,0.16809000226203352,2,512,1024,1,False,False,,,,,,,,,,,,,,,,,,
,,,,,,,,,,,,,,,microbenchmark,naive_attention,2026-06-04T18:04:47.064481+00:00Z,2026-06-04T18:04:47.463850+00:00Z,,,,,,,,,,,,,,,,0.15746000281069428,0.15746000281069428,0.15746000281069428,0.15746000281069428,0.15746000281069428,2,512,1024,1,True,True,,,,,,,,,,,,,,,,,,
,,,,,,,,,,,,,,,microbenchmark,pallas_flash_attention,2026-06-04T18:04:47.474515+00:00Z,2026-06-04T18:04:47.846090+00:00Z,,,,,,,,,,,,,,,,0.16105000031529926,0.16105000031529926,0.16105000031529926,0.16105000031529926,0.16105000031529926,1,512,1024,1,True,,,,,,,,,,,,,,,,,,,
,,,,,,,,,,,,,,,microbenchmark,pallas_flash_attention,2026-06-04T18:04:47.846761+00:00Z,2026-06-04T18:04:48.236918+00:00Z,,,,,,,,,,,,,,,,0.1637699970160611,0.1637699970160611,0.1637699970160611,0.1637699970160611,0.1637699970160611,2,512,1024,1,True,,,,,,,,,,,,,,,,,,,
,,,,,,,,,,,,,,,microbenchmark,pallas_flash_attention,2026-06-04T18:04:48.237750+00:00Z,2026-06-04T18:04:48.666329+00:00Z,,,,,,,,,,,,,,,,0.1737099992169533,0.1737099992169533,0.1737099992169533,0.1737099992169533,0.1737099992169533,4,512,1024,1,True,,,,,,,,,,,,,,,,,,,
,,,,,,,,,,,,,,,microbenchmark,pallas_flash_attention,2026-06-04T18:04:48.667131+00:00Z,2026-06-04T18:04:49.113105+00:00Z,,,,,,,,,,,,,,,,0.19498000256135128,0.19498000256135128,0.19498000256135128,0.19498000256135128,0.19498000256135128,8,512,1024,1,True,,,,,,,,,,,,,,,,,,,
,,,,,,,,,,,,,,,microbenchmark,pallas_flash_attention,2026-06-04T18:04:49.113912+00:00Z,2026-06-04T18:04:49.768181+00:00Z,,,,,,,,,,,,,,,,0.23383000007015653,0.23383000007015653,0.23383000007015653,0.23383000007015653,0.23383000007015653,16,512,1024,1,True,,,,,,,,,,,,,,,,,,,
,,,,,,,,,,,,,,,microbenchmark,pallas_flash_attention,2026-06-04T18:04:49.769052+00:00Z,2026-06-04T18:04:50.441980+00:00Z,,,,,,,,,,,,,,,,0.35447000118438154,0.35447000118438154,0.35447000118438154,0.35447000118438154,0.35447000118438154,32,512,1024,1,True,,,,,,,,,,,,,,,,,,,
,,,,,,,,,,,,,,,microbenchmark,pallas_flash_attention,2026-06-04T18:04:50.442801+00:00Z,2026-06-04T18:04:50.538502+00:00Z,,,,,,,,,,,,,,,,0.168419999681646,0.168419999681646,0.168419999681646,0.168419999681646,0.168419999681646,2,128,1024,1,True,,,,,,,,,,,,,,,,,,,
,,,,,,,,,,,,,,,microbenchmark,pallas_flash_attention,2026-06-04T18:04:50.539315+00:00Z,2026-06-04T18:04:50.712628+00:00Z,,,,,,,,,,,,,,,,0.16133000099216588,0.16133000099216588,0.16133000099216588,0.16133000099216588,0.16133000099216588,2,256,1024,1,True,,,,,,,,,,,,,,,,,,,
,,,,,,,,,,,,,,,microbenchmark,pallas_flash_attention,2026-06-04T18:04:50.713439+00:00Z,2026-06-04T18:04:51.092847+00:00Z,,,,,,,,,,,,,,,,0.16313000014633872,0.16313000014633872,0.16313000014633872,0.16313000014633872,0.16313000014633872,2,512,1024,1,True,,,,,,,,,,,,,,,,,,,
,,,,,,,,,,,,,,,microbenchmark,pallas_flash_attention,2026-06-04T18:04:51.093508+00:00Z,2026-06-04T18:04:52.165068+00:00Z,,,,,,,,,,,,,,,,0.1777500001480803,0.1777500001480803,0.1777500001480803,0.1777500001480803,0.1777500001480803,2,1024,1024,1,True,,,,,,,,,,,,,,,,,,,
,,,,,,,,,,,,,,,microbenchmark,pallas_flash_attention,2026-06-04T18:04:52.165741+00:00Z,2026-06-04T18:04:53.387095+00:00Z,,,,,,,,,,,,,,,,0.22962999719311483,0.22962999719311483,0.22962999719311483,0.22962999719311483,0.22962999719311483,2,2048,1024,1,True,,,,,,,,,,,,,,,,,,,
,,,,,,,,,,,,,,,microbenchmark,pallas_flash_attention,2026-06-04T18:04:53.387926+00:00Z,2026-06-04T18:04:53.577530+00:00Z,,,,,,,,,,,,,,,,0.18200000340584666,0.18200000340584666,0.18200000340584666,0.18200000340584666,0.18200000340584666,2,512,128,1,True,,,,,,,,,,,,,,,,,,,
,,,,,,,,,,,,,,,microbenchmark,pallas_flash_attention,2026-06-04T18:04:53.578354+00:00Z,2026-06-04T18:04:53.786833+00:00Z,,,,,,,,,,,,,,,,0.15331999748013914,0.15331999748013914,0.15331999748013914,0.15331999748013914,0.15331999748013914,2,512,256,1,True,,,,,,,,,,,,,,,,,,,
,,,,,,,,,,,,,,,microbenchmark,pallas_flash_attention,2026-06-04T18:04:53.787650+00:00Z,2026-06-04T18:04:54.057723+00:00Z,,,,,,,,,,,,,,,,0.18286900012753904,0.18286900012753904,0.18286900012753904,0.18286900012753904,0.18286900012753904,2,512,512,1,True,,,,,,,,,,,,,,,,,,,
,,,,,,,,,,,,,,,microbenchmark,pallas_flash_attention,2026-06-04T18:04:54.058522+00:00Z,2026-06-04T18:04:54.438058+00:00Z,,,,,,,,,,,,,,,,0.16390000018873252,0.16390000018873252,0.16390000018873252,0.16390000018873252,0.16390000018873252,2,512,1024,1,True,,,,,,,,,,,,,,,,,,,
,,,,,,,,,,,,,,,microbenchmark,pallas_flash_attention,2026-06-04T18:04:54.438867+00:00Z,2026-06-04T18:04:55.015658+00:00Z,,,,,,,,,,,,,,,,0.178639998921426,0.178639998921426,0.178639998921426,0.178639998921426,0.178639998921426,2,512,2048,1,True,,,,,,,,,,,,,,,,,,,
,,,,,,,,,,,,,,,microbenchmark,pallas_flash_attention,2026-06-04T18:04:55.016500+00:00Z,2026-06-04T18:04:55.498232+00:00Z,,,,,,,,,,,,,,,,0.19543999951565638,0.19543999951565638,0.19543999951565638,0.19543999951565638,0.19543999951565638,2,512,4096,1,True,,,,,,,,,,,,,,,,,,,
,,,,,,,,,,,,,,,microbenchmark,pallas_flash_attention,2026-06-04T18:04:55.499067+00:00Z,2026-06-04T18:04:56.072763+00:00Z,,,,,,,,,,,,,,,,0.17334999938611872,0.17334999938611872,0.17334999938611872,0.17334999938611872,0.17334999938611872,2,512,2048,1,True,,,,,,,,,,,,,,,,,,,
,,,,,,,,,,,,,,,microbenchmark,pallas_flash_attention,2026-06-04T18:04:56.073586+00:00Z,2026-06-04T18:04:56.500019+00:00Z,,,,,,,,,,,,,,,,0.16722000145819038,0.16722000145819038,0.16722000145819038,0.16722000145819038,0.16722000145819038,2,512,2048,2,True,,,,,,,,,,,,,,,,,,,
,,,,,,,,,,,,,,,microbenchmark,pallas_flash_attention,2026-06-04T18:04:56.500845+00:00Z,2026-06-04T18:04:56.929263+00:00Z,,,,,,,,,,,,,,,,0.1754889999574516,0.1754889999574516,0.1754889999574516,0.1754889999574516,0.1754889999574516,2,512,2048,4,True,,,,,,,,,,,,,,,,,,,
,,,,,,,,,,,,,,,microbenchmark,pallas_flash_attention,2026-06-04T18:04:56.930087+00:00Z,2026-06-04T18:04:57.198458+00:00Z,,,,,,,,,,,,,,,,0.1741800006129779,0.1741800006129779,0.1741800006129779,0.1741800006129779,0.1741800006129779,2,512,2048,8,True,,,,,,,,,,,,,,,,,,,
,,,,,,,,,,,,,,,microbenchmark,pallas_flash_attention,2026-06-04T18:04:57.199293+00:00Z,2026-06-04T18:04:57.567576+00:00Z,,,,,,,,,,,,,,,,0.18794000061461702,0.18794000061461702,0.18794000061461702,0.18794000061461702,0.18794000061461702,2,512,2048,16,True,,,,,,,,,,,,,,,,,,,
,,,,,,,,,,,,,,,microbenchmark,pallas_flash_attention,2026-06-04T18:04:57.568428+00:00Z,2026-06-04T18:04:58.050870+00:00Z,,,,,,,,,,,,,,,,0.16105999748106115,0.16105999748106115,0.16105999748106115,0.16105999748106115,0.16105999748106115,2,512,1024,1,False,,,,,,,,,,,,,,,,,,,
,,,,,,,,,,,,,,,microbenchmark,splash_attention,2026-06-04T18:04:58.059525+00:00Z,2026-06-04T18:04:58.241635+00:00Z,,,,,,,,,,,,,,,,0.1746300004015211,0.1746300004015211,0.1746300004015211,0.1746300004015211,0.1746300004015211,1,512,1024,1,True,,,,,,,,,,,,,,,,,,,
,,,,,,,,,,,,,,,microbenchmark,splash_attention,2026-06-04T18:04:58.242350+00:00Z,2026-06-04T18:04:58.408475+00:00Z,,,,,,,,,,,,,,,,0.20062999828951433,0.20062999828951433,0.20062999828951433,0.20062999828951433,0.20062999828951433,2,512,1024,1,True,,,,,,,,,,,,,,,,,,,
,,,,,,,,,,,,,,,microbenchmark,splash_attention,2026-06-04T18:04:58.409368+00:00Z,2026-06-04T18:04:58.572769+00:00Z,,,,,,,,,,,,,,,,0.21610000112559646,0.21610000112559646,0.21610000112559646,0.21610000112559646,0.21610000112559646,4,512,1024,1,True,,,,,,,,,,,,,,,,,,,
,,,,,,,,,,,,,,,microbenchmark,splash_attention,2026-06-04T18:04:58.573631+00:00Z,2026-06-04T18:04:58.738243+00:00Z,,,,,,,,,,,,,,,,0.28975999885005876,0.28975999885005876,0.28975999885005876,0.28975999885005876,0.28975999885005876,8,512,1024,1,True,,,,,,,,,,,,,,,,,,,
,,,,,,,,,,,,,,,microbenchmark,splash_attention,2026-06-04T18:04:58.739091+00:00Z,2026-06-04T18:04:58.905021+00:00Z,,,,,,,,,,,,,,,,0.42566000047372654,0.42566000047372654,0.42566000047372654,0.42566000047372654,0.42566000047372654,16,512,1024,1,True,,,,,,,,,,,,,,,,,,,
,,,,,,,,,,,,,,,microbenchmark,splash_attention,2026-06-04T18:04:58.905694+00:00Z,2026-06-04T18:04:59.073998+00:00Z,,,,,,,,,,,,,,,,0.677418996929191,0.677418996929191,0.677418996929191,0.677418996929191,0.677418996929191,32,512,1024,1,True,,,,,,,,,,,,,,,,,,,
,,,,,,,,,,,,,,,microbenchmark,splash_attention,2026-06-04T18:04:59.074849+00:00Z,2026-06-04T18:04:59.247863+00:00Z,,,,,,,,,,,,,,,,0.15349999739555642,0.15349999739555642,0.15349999739555642,0.15349999739555642,0.15349999739555642,2,128,1024,1,True,,,,,,,,,,,,,,,,,,,
,,,,,,,,,,,,,,,microbenchmark,splash_attention,2026-06-04T18:04:59.248718+00:00Z,2026-06-04T18:04:59.425070+00:00Z,,,,,,,,,,,,,,,,0.16246999803115614,0.16246999803115614,0.16246999803115614,0.16246999803115614,0.16246999803115614,2,256,1024,1,True,,,,,,,,,,,,,,,,,,,
,,,,,,,,,,,,,,,microbenchmark,splash_attention,2026-06-04T18:04:59.425924+00:00Z,2026-06-04T18:04:59.589408+00:00Z,,,,,,,,,,,,,,,,0.19601000167313032,0.19601000167313032,0.19601000167313032,0.19601000167313032,0.19601000167313032,2,512,1024,1,True,,,,,,,,,,,,,,,,,,,
,,,,,,,,,,,,,,,microbenchmark,splash_attention,2026-06-04T18:04:59.590249+00:00Z,2026-06-04T18:04:59.769916+00:00Z,,,,,,,,,,,,,,,,0.25945899687940255,0.25945899687940255,0.25945899687940255,0.25945899687940255,0.25945899687940255,2,1024,1024,1,True,,,,,,,,,,,,,,,,,,,
,,,,,,,,,,,,,,,microbenchmark,splash_attention,2026-06-04T18:04:59.770744+00:00Z,2026-06-04T18:04:59.960048+00:00Z,,,,,,,,,,,,,,,,0.5355600005714223,0.5355600005714223,0.5355600005714223,0.5355600005714223,0.5355600005714223,2,2048,1024,1,True,,,,,,,,,,,,,,,,,,,
,,,,,,,,,,,,,,,microbenchmark,splash_attention,2026-06-04T18:04:59.960900+00:00Z,2026-06-04T18:05:00.075273+00:00Z,,,,,,,,,,,,,,,,0.18846999955712818,0.18846999955712818,0.18846999955712818,0.18846999955712818,0.18846999955712818,2,512,128,1,True,,,,,,,,,,,,,,,,,,,
,,,,,,,,,,,,,,,microbenchmark,splash_attention,2026-06-04T18:05:00.076102+00:00Z,2026-06-04T18:05:00.200449+00:00Z,,,,,,,,,,,,,,,,0.17468999794800766,0.17468999794800766,0.17468999794800766,0.17468999794800766,0.17468999794800766,2,512,256,1,True,,,,,,,,,,,,,,,,,,,
,,,,,,,,,,,,,,,microbenchmark,splash_attention,2026-06-04T18:05:00.201296+00:00Z,2026-06-04T18:05:00.341640+00:00Z,,,,,,,,,,,,,,,,0.18102999820257537,0.18102999820257537,0.18102999820257537,0.18102999820257537,0.18102999820257537,2,512,512,1,True,,,,,,,,,,,,,,,,,,,
,,,,,,,,,,,,,,,microbenchmark,splash_attention,2026-06-04T18:05:00.342476+00:00Z,2026-06-04T18:05:00.503333+00:00Z,,,,,,,,,,,,,,,,0.18537999858381227,0.18537999858381227,0.18537999858381227,0.18537999858381227,0.18537999858381227,2,512,1024,1,True,,,,,,,,,,,,,,,,,,,
,,,,,,,,,,,,,,,microbenchmark,splash_attention,2026-06-04T18:05:00.504185+00:00Z,2026-06-04T18:05:00.754543+00:00Z,,,,,,,,,,,,,,,,0.19905000226572156,0.19905000226572156,0.19905000226572156,0.19905000226572156,0.19905000226572156,2,512,2048,1,True,,,,,,,,,,,,,,,,,,,
,,,,,,,,,,,,,,,microbenchmark,splash_attention,2026-06-04T18:05:00.755387+00:00Z,2026-06-04T18:05:01.155658+00:00Z,,,,,,,,,,,,,,,,0.25862999973469414,0.25862999973469414,0.25862999973469414,0.25862999973469414,0.25862999973469414,2,512,4096,1,True,,,,,,,,,,,,,,,,,,,
,,,,,,,,,,,,,,,microbenchmark,splash_attention,2026-06-04T18:05:01.156516+00:00Z,2026-06-04T18:05:01.391873+00:00Z,,,,,,,,,,,,,,,,0.2033500022662338,0.2033500022662338,0.2033500022662338,0.2033500022662338,0.2033500022662338,2,512,2048,1,True,,,,,,,,,,,,,,,,,,,
,,,,,,,,,,,,,,,microbenchmark,splash_attention,2026-06-04T18:05:01.392703+00:00Z,2026-06-04T18:05:01.569504+00:00Z,,,,,,,,,,,,,,,,0.2251899968541693,0.2251899968541693,0.2251899968541693,0.2251899968541693,0.2251899968541693,2,512,2048,2,True,,,,,,,,,,,,,,,,,,,
,,,,,,,,,,,,,,,microbenchmark,splash_attention,2026-06-04T18:05:01.570346+00:00Z,2026-06-04T18:05:01.715229+00:00Z,,,,,,,,,,,,,,,,0.25164000180666335,0.25164000180666335,0.25164000180666335,0.25164000180666335,0.25164000180666335,2,512,2048,4,True,,,,,,,,,,,,,,,,,,,
,,,,,,,,,,,,,,,microbenchmark,splash_attention,2026-06-04T18:05:01.716058+00:00Z,2026-06-04T18:05:01.840918+00:00Z,,,,,,,,,,,,,,,,0.3181100000801962,0.3181100000801962,0.3181100000801962,0.3181100000801962,0.3181100000801962,2,512,2048,8,True,,,,,,,,,,,,,,,,,,,
,,,,,,,,,,,,,,,microbenchmark,splash_attention,2026-06-04T18:05:01.841589+00:00Z,2026-06-04T18:05:01.959900+00:00Z,,,,,,,,,,,,,,,,0.4611100011970848,0.4611100011970848,0.4611100011970848,0.4611100011970848,0.4611100011970848,2,512,2048,16,True,,,,,,,,,,,,,,,,,,,
,,,,,,,,,,,,,,,microbenchmark,splash_attention,2026-06-04T18:05:01.960724+00:00Z,2026-06-04T18:05:02.132472+00:00Z,,,,,,,,,,,,,,,,0.20795000091311522,0.20795000091311522,0.20795000091311522,0.20795000091311522,0.20795000091311522,2,512,1024,1,False,,,,,,,,,,,,,,,,,,,
,,,,,,,,,,,,,,,microbenchmark,flax_nnx_attention,2026-06-04T18:05:02.141092+00:00Z,2026-06-04T18:05:02.556541+00:00Z,,,,,,,,,,,,,,,,0.1636400011193473,0.1636400011193473,0.1636400011193473,0.1636400011193473,0.1636400011193473,1,512,1024,1,,,,,,,,,,,,,,,,,,,,
,,,,,,,,,,,,,,,microbenchmark,flax_nnx_attention,2026-06-04T18:05:02.557341+00:00Z,2026-06-04T18:05:03.071214+00:00Z,,,,,,,,,,,,,,,,0.174939999851631,0.174939999851631,0.174939999851631,0.174939999851631,0.174939999851631,2,512,1024,1,,,,,,,,,,,,,,,,,,,,
,,,,,,,,,,,,,,,microbenchmark,flax_nnx_attention,2026-06-04T18:05:03.071999+00:00Z,2026-06-04T18:05:03.903709+00:00Z,,,,,,,,,,,,,,,,0.2055200020549819,0.2055200020549819,0.2055200020549819,0.2055200020549819,0.2055200020549819,4,512,1024,1,,,,,,,,,,,,,,,,,,,,
,,,,,,,,,,,,,,,microbenchmark,flax_nnx_attention,2026-06-04T18:05:03.904539+00:00Z,2026-06-04T18:05:04.755403+00:00Z,,,,,,,,,,,,,,,,0.23290999888558872,0.23290999888558872,0.23290999888558872,0.23290999888558872,0.23290999888558872,8,512,1024,1,,,,,,,,,,,,,,,,,,,,
,,,,,,,,,,,,,,,microbenchmark,flax_nnx_attention,2026-06-04T18:05:04.756207+00:00Z,2026-06-04T18:05:05.646350+00:00Z,,,,,,,,,,,,,,,,0.3097990011156071,0.3097990011156071,0.3097990011156071,0.3097990011156071,0.3097990011156071,16,512,1024,1,,,,,,,,,,,,,,,,,,,,
,,,,,,,,,,,,,,,microbenchmark,flax_nnx_attention,2026-06-04T18:05:05.647164+00:00Z,2026-06-04T18:05:06.588674+00:00Z,,,,,,,,,,,,,,,,0.543080001079943,0.543080001079943,0.543080001079943,0.543080001079943,0.543080001079943,32,512,1024,1,,,,,,,,,,,,,,,,,,,,
,,,,,,,,,,,,,,,microbenchmark,flax_nnx_attention,2026-06-04T18:05:06.589478+00:00Z,2026-06-04T18:05:06.879378+00:00Z,,,,,,,,,,,,,,,,0.159119997988455,0.159119997988455,0.159119997988455,0.159119997988455,0.159119997988455,2,128,1024,1,,,,,,,,,,,,,,,,,,,,
,,,,,,,,,,,,,,,microbenchmark,flax_nnx_attention,2026-06-04T18:05:06.880161+00:00Z,2026-06-04T18:05:07.201487+00:00Z,,,,,,,,,,,,,,,,0.17207000200869516,0.17207000200869516,0.17207000200869516,0.17207000200869516,0.17207000200869516,2,256,1024,1,,,,,,,,,,,,,,,,,,,,
,,,,,,,,,,,,,,,microbenchmark,flax_nnx_attention,2026-06-04T18:05:07.202294+00:00Z,2026-06-04T18:05:07.678584+00:00Z,,,,,,,,,,,,,,,,0.20586000027833506,0.20586000027833506,0.20586000027833506,0.20586000027833506,0.20586000027833506,2,512,1024,1,,,,,,,,,,,,,,,,,,,,
,,,,,,,,,,,,,,,microbenchmark,flax_nnx_attention,2026-06-04T18:05:07.679397+00:00Z,2026-06-04T18:05:08.797986+00:00Z,,,,,,,,,,,,,,,,0.20978999964427203,0.20978999964427203,0.20978999964427203,0.20978999964427203,0.20978999964427203,2,1024,1024,1,,,,,,,,,,,,,,,,,,,,
,,,,,,,,,,,,,,,microbenchmark,flax_nnx_attention,2026-06-04T18:05:08.798761+00:00Z,2026-06-04T18:05:10.868521+00:00Z,,,,,,,,,,,,,,,,0.2823489994625561,0.2823489994625561,0.2823489994625561,0.2823489994625561,0.2823489994625561,2,2048,1024,1,,,,,,,,,,,,,,,,,,,,
,,,,,,,,,,,,,,,microbenchmark,flax_nnx_attention,2026-06-04T18:05:10.869315+00:00Z,2026-06-04T18:05:11.152128+00:00Z,,,,,,,,,,,,,,,,0.16744000095059164,0.16744000095059164,0.16744000095059164,0.16744000095059164,0.16744000095059164,2,512,128,1,,,,,,,,,,,,,,,,,,,,
,,,,,,,,,,,,,,,microbenchmark,flax_nnx_attention,2026-06-04T18:05:11.152931+00:00Z,2026-06-04T18:05:11.482969+00:00Z,,,,,,,,,,,,,,,,0.16696999955456704,0.16696999955456704,0.16696999955456704,0.16696999955456704,0.16696999955456704,2,512,256,1,,,,,,,,,,,,,,,,,,,,
,,,,,,,,,,,,,,,microbenchmark,flax_nnx_attention,2026-06-04T18:05:11.483749+00:00Z,2026-06-04T18:05:11.806844+00:00Z,,,,,,,,,,,,,,,,0.16667000090819784,0.16667000090819784,0.16667000090819784,0.16667000090819784,0.16667000090819784,2,512,512,1,,,,,,,,,,,,,,,,,,,,
,,,,,,,,,,,,,,,microbenchmark,flax_nnx_attention,2026-06-04T18:05:11.807630+00:00Z,2026-06-04T18:05:12.281317+00:00Z,,,,,,,,,,,,,,,,0.16994000179693103,0.16994000179693103,0.16994000179693103,0.16994000179693103,0.16994000179693103,2,512,1024,1,,,,,,,,,,,,,,,,,,,,
,,,,,,,,,,,,,,,microbenchmark,flax_nnx_attention,2026-06-04T18:05:12.282106+00:00Z,2026-06-04T18:05:13.703520+00:00Z,,,,,,,,,,,,,,,,0.20279000091250055,0.20279000091250055,0.20279000091250055,0.20279000091250055,0.20279000091250055,2,512,2048,1,,,,,,,,,,,,,,,,,,,,
,,,,,,,,,,,,,,,microbenchmark,flax_nnx_attention,2026-06-04T18:05:13.704318+00:00Z,2026-06-04T18:05:14.916549+00:00Z,,,,,,,,,,,,,,,,0.2427199979138095,0.2427199979138095,0.2427199979138095,0.2427199979138095,0.2427199979138095,2,512,4096,1,,,,,,,,,,,,,,,,,,,,
,,,,,,,,,,,,,,,microbenchmark,flax_nnx_attention,2026-06-04T18:05:14.917336+00:00Z,2026-06-04T18:05:16.242113+00:00Z,,,,,,,,,,,,,,,,0.19978999989689328,0.19978999989689328,0.19978999989689328,0.19978999989689328,0.19978999989689328,2,512,2048,1,,,,,,,,,,,,,,,,,,,,
,,,,,,,,,,,,,,,microbenchmark,flax_nnx_attention,2026-06-04T18:05:16.242754+00:00Z,2026-06-04T18:05:17.603163+00:00Z,,,,,,,,,,,,,,,,0.21367000226746313,0.21367000226746313,0.21367000226746313,0.21367000226746313,0.21367000226746313,2,512,2048,2,,,,,,,,,,,,,,,,,,,,
,,,,,,,,,,,,,,,microbenchmark,flax_nnx_attention,2026-06-04T18:05:17.603936+00:00Z,2026-06-04T18:05:19.103686+00:00Z,,,,,,,,,,,,,,,,0.19375999909243546,0.19375999909243546,0.19375999909243546,0.19375999909243546,0.19375999909243546,2,512,2048,4,,,,,,,,,,,,,,,,,,,,
,,,,,,,,,,,,,,,microbenchmark,flax_nnx_attention,2026-06-04T18:05:19.104471+00:00Z,2026-06-04T18:05:20.472521+00:00Z,,,,,,,,,,,,,,,,0.19062999854213558,0.19062999854213558,0.19062999854213558,0.19062999854213558,0.19062999854213558,2,512,2048,8,,,,,,,,,,,,,,,,,,,,
,,,,,,,,,,,,,,,microbenchmark,flax_nnx_attention,2026-06-04T18:05:20.473310+00:00Z,2026-06-04T18:05:21.862417+00:00Z,,,,,,,,,,,,,,,,0.19537000116542913,0.19537000116542913,0.19537000116542913,0.19537000116542913,0.19537000116542913,2,512,2048,16,,,,,,,,,,,,,,,,,,,,
,,,,,,,,,,,,,,,microbenchmark,flax_linen_attention,2026-06-04T18:05:21.870377+00:00Z,2026-06-04T18:05:22.264772+00:00Z,,,,,,,,,,,,,,,,0.16404999769292772,0.16404999769292772,0.16404999769292772,0.16404999769292772,0.16404999769292772,1,512,1024,1,,,,,,,,,,,,,,,,,,,,
,,,,,,,,,,,,,,,microbenchmark,flax_linen_attention,2026-06-04T18:05:22.265557+00:00Z,2026-06-04T18:05:22.743264+00:00Z,,,,,,,,,,,,,,,,0.18104999981005676,0.18104999981005676,0.18104999981005676,0.18104999981005676,0.18104999981005676,2,512,1024,1,,,,,,,,,,,,,,,,,,,,
,,,,,,,,,,,,,,,microbenchmark,flax_linen_attention,2026-06-04T18:05:22.744066+00:00Z,2026-06-04T18:05:23.227492+00:00Z,,,,,,,,,,,,,,,,0.21270000070217066,0.21270000070217066,0.21270000070217066,0.21270000070217066,0.21270000070217066,4,512,1024,1,,,,,,,,,,,,,,,,,,,,
,,,,,,,,,,,,,,,microbenchmark,flax_linen_attention,2026-06-04T18:05:23.228283+00:00Z,2026-06-04T18:05:23.720608+00:00Z,,,,,,,,,,,,,,,,0.2518500004953239,0.2518500004953239,0.2518500004953239,0.2518500004953239,0.2518500004953239,8,512,1024,1,,,,,,,,,,,,,,,,,,,,
,,,,,,,,,,,,,,,microbenchmark,flax_linen_attention,2026-06-04T18:05:23.721269+00:00Z,2026-06-04T18:05:24.219007+00:00Z,,,,,,,,,,,,,,,,0.353920000634389,0.353920000634389,0.353920000634389,0.353920000634389,0.353920000634389,16,512,1024,1,,,,,,,,,,,,,,,,,,,,
,,,,,,,,,,,,,,,microbenchmark,flax_linen_attention,2026-06-04T18:05:24.219826+00:00Z,2026-06-04T18:05:24.727362+00:00Z,,,,,,,,,,,,,,,,0.6381700004567392,0.6381700004567392,0.6381700004567392,0.6381700004567392,0.6381700004567392,32,512,1024,1,,,,,,,,,,,,,,,,,,,,
,,,,,,,,,,,,,,,microbenchmark,flax_linen_attention,2026-06-04T18:05:24.728037+00:00Z,2026-06-04T18:05:24.888239+00:00Z,,,,,,,,,,,,,,,,0.17047000073944218,0.17047000073944218,0.17047000073944218,0.17047000073944218,0.17047000073944218,2,128,1024,1,,,,,,,,,,,,,,,,,,,,
,,,,,,,,,,,,,,,microbenchmark,flax_linen_attention,2026-06-04T18:05:24.889033+00:00Z,2026-06-04T18:05:25.160202+00:00Z,,,,,,,,,,,,,,,,0.17025000124704093,0.17025000124704093,0.17025000124704093,0.17025000124704093,0.17025000124704093,2,256,1024,1,,,,,,,,,,,,,,,,,,,,
,,,,,,,,,,,,,,,microbenchmark,flax_linen_attention,2026-06-04T18:05:25.160995+00:00Z,2026-06-04T18:05:25.639531+00:00Z,,,,,,,,,,,,,,,,0.18544999693403952,0.18544999693403952,0.18544999693403952,0.18544999693403952,0.18544999693403952,2,512,1024,1,,,,,,,,,,,,,,,,,,,,
,,,,,,,,,,,,,,,microbenchmark,flax_linen_attention,2026-06-04T18:05:25.640332+00:00Z,2026-06-04T18:05:26.141994+00:00Z,,,,,,,,,,,,,,,,0.22732000070391223,0.22732000070391223,0.22732000070391223,0.22732000070391223,0.22732000070391223,2,1024,1024,1,,,,,,,,,,,,,,,,,,,,
,,,,,,,,,,,,,,,microbenchmark,flax_linen_attention,2026-06-04T18:05:26.142768+00:00Z,2026-06-04T18:05:26.653155+00:00Z,,,,,,,,,,,,,,,,0.307288999465527,0.307288999465527,0.307288999465527,0.307288999465527,0.307288999465527,2,2048,1024,1,,,,,,,,,,,,,,,,,,,,
,,,,,,,,,,,,,,,microbenchmark,flax_linen_attention,2026-06-04T18:05:26.653966+00:00Z,2026-06-04T18:05:26.870822+00:00Z,,,,,,,,,,,,,,,,0.16740999853936955,0.16740999853936955,0.16740999853936955,0.16740999853936955,0.16740999853936955,2,512,128,1,,,,,,,,,,,,,,,,,,,,
,,,,,,,,,,,,,,,microbenchmark,flax_linen_attention,2026-06-04T18:05:26.871580+00:00Z,2026-06-04T18:05:27.108515+00:00Z,,,,,,,,,,,,,,,,0.18062999879475683,0.18062999879475683,0.18062999879475683,0.18062999879475683,0.18062999879475683,2,512,256,1,,,,,,,,,,,,,,,,,,,,
,,,,,,,,,,,,,,,microbenchmark,flax_linen_attention,2026-06-04T18:05:27.109282+00:00Z,2026-06-04T18:05:27.434592+00:00Z,,,,,,,,,,,,,,,,0.1665599993430078,0.1665599993430078,0.1665599993430078,0.1665599993430078,0.1665599993430078,2,512,512,1,,,,,,,,,,,,,,,,,,,,
,,,,,,,,,,,,,,,microbenchmark,flax_linen_attention,2026-06-04T18:05:27.435358+00:00Z,2026-06-04T18:05:27.909882+00:00Z,,,,,,,,,,,,,,,,0.18194899894297123,0.18194899894297123,0.18194899894297123,0.18194899894297123,0.18194899894297123,2,512,1024,1,,,,,,,,,,,,,,,,,,,,
,,,,,,,,,,,,,,,microbenchmark,flax_linen_attention,2026-06-04T18:05:27.910658+00:00Z,2026-06-04T18:05:28.724412+00:00Z,,,,,,,,,,,,,,,,0.2162000018870458,0.2162000018870458,0.2162000018870458,0.2162000018870458,0.2162000018870458,2,512,2048,1,,,,,,,,,,,,,,,,,,,,
,,,,,,,,,,,,,,,microbenchmark,flax_linen_attention,2026-06-04T18:05:28.725213+00:00Z,2026-06-04T18:05:30.376949+00:00Z,,,,,,,,,,,,,,,,0.2762200019787997,0.2762200019787997,0.2762200019787997,0.2762200019787997,0.2762200019787997,2,512,4096,1,,,,,,,,,,,,,,,,,,,,
,,,,,,,,,,,,,,,microbenchmark,flax_linen_attention,2026-06-04T18:05:30.377744+00:00Z,2026-06-04T18:05:31.187606+00:00Z,,,,,,,,,,,,,,,,0.21642000137944706,0.21642000137944706,0.21642000137944706,0.21642000137944706,0.21642000137944706,2,512,2048,1,,,,,,,,,,,,,,,,,,,,
,,,,,,,,,,,,,,,microbenchmark,flax_linen_attention,2026-06-04T18:05:31.188443+00:00Z,2026-06-04T18:05:32.641228+00:00Z,,,,,,,,,,,,,,,,0.19917900135624222,0.19917900135624222,0.19917900135624222,0.19917900135624222,0.19917900135624222,2,512,2048,2,,,,,,,,,,,,,,,,,,,,
,,,,,,,,,,,,,,,microbenchmark,flax_linen_attention,2026-06-04T18:05:32.642021+00:00Z,2026-06-04T18:05:34.456861+00:00Z,,,,,,,,,,,,,,,,0.19844999769702554,0.19844999769702554,0.19844999769702554,0.19844999769702554,0.19844999769702554,2,512,2048,4,,,,,,,,,,,,,,,,,,,,
,,,,,,,,,,,,,,,microbenchmark,flax_linen_attention,2026-06-04T18:05:34.457661+00:00Z,2026-06-04T18:05:37.186047+00:00Z,,,,,,,,,,,,,,,,0.18676000036066398,0.18676000036066398,0.18676000036066398,0.18676000036066398,0.18676000036066398,2,512,2048,8,,,,,,,,,,,,,,,,,,,,
,,,,,,,,,,,,,,,microbenchmark,flax_linen_attention,2026-06-04T18:05:37.186877+00:00Z,2026-06-04T18:05:38.201079+00:00Z,,,,,,,,,,,,,,,,0.2186599995184224,0.2186599995184224,0.2186599995184224,0.2186599995184224,0.2186599995184224,2,512,2048,16,,,,,,,,,,,,,,,,,,,,
,,,,,,,,,,,,,,,microbenchmark,numpy_convolve,2026-06-04T18:05:38.209145+00:00Z,2026-06-04T18:05:38.381048+00:00Z,,,,,,,,,,,,,,1536,,,,,,,,,,,,,0.008996134441192778,0.008996134441192778,0.008996134441192778,0.008996134441192778,0.008996134441192778,"(256,)","(3,)","(256,)",same,,,,,,,,,
,,,,,,,,,,,,,,,microbenchmark,numpy_convolve,2026-06-04T18:05:38.381981+00:00Z,2026-06-04T18:05:38.521664+00:00Z,,,,,,,,,,,,,,3072,,,,,,,,,,,,,0.02100800126790561,0.02100800126790561,0.02100800126790561,0.02100800126790561,0.02100800126790561,"(512,)","(3,)","(512,)",same,,,,,,,,,
,,,,,,,,,,,,,,,microbenchmark,numpy_convolve,2026-06-04T18:05:38.522648+00:00Z,2026-06-04T18:05:38.808042+00:00Z,,,,,,,,,,,,,,12276,,,,,,,,,,,,,0.07697565147772586,0.07697565147772586,0.07697565147772586,0.07697565147772586,0.07697565147772586,"(2048,)","(3,)","(2046,)",valid,,,,,,,,,
,,,,,,,,,,,,,,,microbenchmark,numpy_convolve,2026-06-04T18:05:38.809027+00:00Z,2026-06-04T18:05:39.233176+00:00Z,,,,,,,,,,,,,,24516,,,,,,,,,,,,,0.14572039963186664,0.14572039963186664,0.14572039963186664,0.14572039963186664,0.14572039963186664,"(2048,)","(6,)","(2043,)",valid,,,,,,,,,
,,,,,,,,,,,,,,,microbenchmark,numpy_convolve,2026-06-04T18:05:39.234185+00:00Z,2026-06-04T18:05:39.982678+00:00Z,,,,,,,,,,,,,,48888,,,,,,,,,,,,,0.30402985374936525,0.30402985374936525,0.30402985374936525,0.30402985374936525,0.30402985374936525,"(2048,)","(12,)","(2037,)",valid,,,,,,,,,
,,,,,,,,,,,,,,,microbenchmark,numpy_convolve,2026-06-04T18:05:39.983654+00:00Z,2026-06-04T18:05:41.448405+00:00Z,,,,,,,,,,,,,,97200,,,,,,,,,,,,,0.5980066444470362,0.5980066444470362,0.5980066444470362,0.5980066444470362,0.5980066444470362,"(2048,)","(24,)","(2025,)",valid,,,,,,,,,
,,,,,,,,,,,,,,,microbenchmark,numpy_convolve,2026-06-04T18:05:41.449429+00:00Z,2026-06-04T18:05:44.720570+00:00Z,,,,,,,,,,,,,,192096,,,,,,,,,,,,,1.1279196838753105,1.1279196838753105,1.1279196838753105,1.1279196838753105,1.1279196838753105,"(2048,)","(48,)","(2001,)",valid,,,,,,,,,
,,,,,,,,,,,,,,,microbenchmark,numpy_convolve,2026-06-04T18:05:44.721584+00:00Z,2026-06-04T18:05:52.092842+00:00Z,,,,,,,,,,,,,,374976,,,,,,,,,,,,,1.9967836469110023,1.9967836469110023,1.9967836469110023,1.9967836469110023,1.9967836469110023,"(2048,)","(96,)","(1953,)",valid,,,,,,,,,
,,,,,,,,,,,,,,,microbenchmark,numpy_convolve,2026-06-04T18:05:52.093843+00:00Z,2026-06-04T18:06:04.017912+00:00Z,,,,,,,,,,,,,,552196,,,,,,,,,,,,,2.8173408986883444,2.8173408986883444,2.8173408986883444,2.8173408986883444,2.8173408986883444,"(2048,)","(127,)","(2174,)",full,,,,,,,,,
,,,,,,,,,,,,,,,microbenchmark,scipy_signal_convolve,2026-06-04T18:06:04.022650+00:00Z,2026-06-04T18:06:12.911944+00:00Z,,,,,,,,,,,,,,1179648,,,,,,,,,,,,,4.705792225474398,4.705792225474398,4.705792225474398,4.705792225474398,4.705792225474398,"(256, 256)","(3, 3)","(256, 256)",same,,,,,,,,,
,,,,,,,,,,,,,,,microbenchmark,scipy_signal_convolve,2026-06-04T18:06:12.912937+00:00Z,2026-06-04T18:06:21.549452+00:00Z,,,,,,,,,,,,,,4718592,,,,,,,,,,,,,9.1497003736563,9.1497003736563,9.1497003736563,9.1497003736563,9.1497003736563,"(512, 512)","(3, 3)","(512, 512)",same,,,,,,,,,
,,,,,,,,,,,,,,,microbenchmark,scipy_signal_convolve,2026-06-04T18:06:21.550451+00:00Z,2026-06-04T18:06:38.889489+00:00Z,,,,,,,,,,,,,,18874368,,,,,,,,,,,,,10.951001093245024,10.951001093245024,10.951001093245024,10.951001093245024,10.951001093245024,"(1024, 1024)","(3, 3)","(1024, 1024)",same,,,,,,,,,
,,,,,,,,,,,,,,,microbenchmark,scipy_signal_convolve,2026-06-04T18:06:38.890486+00:00Z,2026-06-04T18:06:59.147472+00:00Z,,,,,,,,,,,,,,108020304,,,,,,,,,,,,,18.988644649312736,18.988644649312736,18.988644649312736,18.988644649312736,18.988644649312736,"(128, 128, 128)","(3, 3, 3)","(126, 126, 126)",valid,,,,,,,,,
,,,,,,,,,,,,,,,microbenchmark,scipy_signal_convolve2d,2026-06-04T18:06:59.150964+00:00Z,2026-06-04T18:07:07.345398+00:00Z,,,,,,,,,,,,,,1161288,,,,,,,,,,,,,4.838700048889644,4.838700048889644,4.838700048889644,4.838700048889644,4.838700048889644,"(256, 256)","(3, 3)","(254, 254)",valid,,,,,,,,,
,,,,,,,,,,,,,,,microbenchmark,scipy_signal_convolve2d,2026-06-04T18:07:07.346401+00:00Z,2026-06-04T18:07:16.455718+00:00Z,,,,,,,,,,,,,,4681800,,,,,,,,,,,,,9.524952741027674,9.524952741027674,9.524952741027674,9.524952741027674,9.524952741027674,"(512, 512)","(3, 3)","(510, 510)",valid,,,,,,,,,
,,,,,,,,,,,,,,,microbenchmark,scipy_signal_convolve2d,2026-06-04T18:07:16.456605+00:00Z,2026-06-04T18:17:49.638296+00:00Z,,,,,,,,,,,,,,7346174472,,,,,,,,,,,,,23.987520385687837,23.987520385687837,23.987520385687837,23.987520385687837,23.987520385687837,"(1024, 1024)","(63, 63)","(962, 962)",valid,,,,,,,,,
,,,,,,,,,,,,,,,microbenchmark,scipy_signal_convolve2d,2026-06-04T18:17:49.639341+00:00Z,2026-06-04T18:22:14.635186+00:00Z,,,,,,,,,,,,,,26012980232,,,,,,,,,,,,,22.452770177923185,22.452770177923185,22.452770177923185,22.452770177923185,22.452770177923185,"(1024, 1024)","(127, 127)","(898, 898)",valid,,,,,,,,,
,,,,,,,,,,,,<class 'jax.numpy.bfloat16'>,,,microbenchmark,lax_conv_general_dilated,2026-06-04T18:22:14.638693+00:00Z,2026-06-04T18:30:58.440743+00:00Z,,,,,,,,,,,,,,315828817920000,,,,,,,,,,,,,39782.63611338759,39782.63611338759,39782.63611338759,39782.63611338759,39782.63611338759,,,"(16, 770, 770, 16)",valid,16,1024,1024,255,255,16,16,1,1
,,,,,,,,,,,,<class 'jax.numpy.bfloat16'>,,,microbenchmark,lax_conv_general_dilated,2026-06-04T18:30:58.441862+00:00Z,2026-06-04T18:37:48.087367+00:00Z,,,,,,,,,,,,,,631657635840000,,,,,,,,,,,,,26399.509377940314,26399.509377940314,26399.509377940314,26399.509377940314,26399.509377940314,,,"(32, 770, 770, 16)",valid,32,1024,1024,255,255,16,16,1,1
,,,,,,,,,,,,<class 'jax.numpy.bfloat16'>,,,microbenchmark,lax_conv_general_dilated,2026-06-04T18:37:48.088435+00:00Z,2026-06-04T18:40:06.386739+00:00Z,,,,,,,,,,,,,,141631193088,,,,,,,,,,,,,39176.92176591413,39176.92176591413,39176.92176591413,39176.92176591413,39176.92176591413,,,"(16, 66, 66, 16)",valid,16,128,128,63,63,16,16,1,1
